filename,width,height,class,xmin,ymin,xmax,ymax
62f72b21-af45-43a8-a781-17e5a1d24def.jpg,1200,1600,Jack Link's Original Beef Jerky 1.25oz,139.44954128440367,614.6788990825688,361.4678899082569,829.3577981651376
c95ccb34-42b2-4d47-9512-c2b0097d4e2d.jpg,1200,1600,Jack Link's Original Beef Jerky 1.25oz,201.8348623853211,611.0091743119266,330.27522935779814,752.2935779816514
3325db3c-2f93-408f-a2fe-385e4f127fa9.jpg,1200,1600,Jack Link's Original Beef Jerky 1.25oz,5.5045871559633035,396.3302752293578,455.04587155963304,728.4403669724771
de75a142-0bdc-45ff-b129-8a90c106b90b.jpg,1200,1600,Jack Link's Original Beef Jerky 1.25oz,22.018348623853214,515.5963302752293,691.743119266055,998.165137614679
450e2436-3651-4c96-80e7-928fda16123b.jpg,1200,1600,Jack Link's Original Beef Jerky 1.25oz,236.69724770642202,550.4587155963303,377.9816513761467,704.5871559633028
db5bcbd0-65c9-4721-8fb1-5a0eccebb2d5.jpg,1200,1600,Jack Link's Original Beef Jerky 1.25oz,387.1559633027523,271.559633027523,550.4587155963302,460.5504587155964
ce4e3931-3fab-4fe9-8554-71a04ccd646c.jpg,1600,1200,Jack Link's Original Beef Jerky 1.25oz,227.52293577981652,312.83095723014253,464.83180428134557,584.1140529531568
77b17812-cd79-499e-9bd4-0306697f45eb.jpg,1200,1600,Jack Link's Original Beef Jerky 1.25oz,286.23853211009174,343.11926605504584,519.2660550458716,640.3669724770642
6b2926f6-f36e-4531-8fb1-536221406a6e.jpg,1200,1600,Jack Link's Original Beef Jerky 1.25oz,190.8256880733945,11.009174311926607,453.2110091743119,330.2752293577982
bd572837-a910-4711-81f9-fc0699a3c23a.jpg,1200,1600,Jack Link's Original Beef Jerky 1.25oz,743.1192660550458,798.1651376146789,871.559633027523,904.5871559633028
f4bf05d7-4571-4480-b28c-d5624e44048c.jpg,1200,1600,Jack Link's Original Beef Jerky 1.25oz,304.58715596330273,201.8348623853211,511.92660550458714,379.8165137614679
55661bcc-8118-486c-bb95-f6639af1a54d.jpg,1200,1600,Jack Link's Original Beef Jerky 1.25oz,308.6183310533516,319.0133607399794,438.3036935704515,471.9424460431655
55661bcc-8118-486c-bb95-f6639af1a54d.jpg,1200,1600,Jack Link's Original Beef Jerky 1.25oz,443.2284541723666,327.2353545734841,564.7058823529411,475.2312435765673
55661bcc-8118-486c-bb95-f6639af1a54d.jpg,1200,1600,Jack Link's Original Beef Jerky 1.25oz,571.2722298221615,345.32374100719426,691.1080711354309,508.1192189105858
55661bcc-8118-486c-bb95-f6639af1a54d.jpg,1200,1600,Jack Link's Original Beef Jerky 1.25oz,311.9015047879617,499.8972250770812,446.51162790697674,654.4707091469681
55661bcc-8118-486c-bb95-f6639af1a54d.jpg,1200,1600,Jack Link's Original Beef Jerky 1.25oz,448.15321477428176,516.3412127440904,571.2722298221614,657.75950668037
55661bcc-8118-486c-bb95-f6639af1a54d.jpg,1200,1600,Jack Link's Original Beef Jerky 1.25oz,572.9138166894664,504.83042137718394,687.8248974008209,642.9599177800617
f0032f2d-7248-448f-b6a4-1500533a24a9.jpg,1200,1600,Jack Link's Original Beef Jerky 1.25oz,310.2599179206566,143.06269270298046,554.8563611491109,447.2764645426515
f0032f2d-7248-448f-b6a4-1500533a24a9.jpg,1200,1600,Jack Link's Original Beef Jerky 1.25oz,651.7099863201095,115.10791366906474,874.9658002735979,445.63206577595065
f0032f2d-7248-448f-b6a4-1500533a24a9.jpg,1200,1600,Jack Link's Original Beef Jerky 1.25oz,393.98084815321477,542.6515930113053,572.9138166894664,799.1778006166496
f0032f2d-7248-448f-b6a4-1500533a24a9.jpg,1200,1600,Jack Link's Original Beef Jerky 1.25oz,673.0506155950752,545.9403905447072,874.9658002735979,802.4665981500514
f0032f2d-7248-448f-b6a4-1500533a24a9.jpg,1200,1600,Jack Link's Original Beef Jerky 1.25oz,448.15321477428176,896.1973278520042,604.1039671682627,1093.525179856115
f0032f2d-7248-448f-b6a4-1500533a24a9.jpg,1200,1600,Jack Link's Original Beef Jerky 1.25oz,622.1614227086184,947.1736896197328,779.7537619699043,1132.9907502569374
f0032f2d-7248-448f-b6a4-1500533a24a9.jpg,1200,1600,Jack Link's Original Beef Jerky 1.25oz,658.2763337893298,1226.72147995889,799.4528043775649,1407.6053442959917
5f01cce4-f4c7-4ac7-a229-18b480aa3adc.jpg,1200,1600,Jack Link's Original Beef Jerky 1.25oz,178.93296853625174,439.054470709147,275.78659370725035,568.96197327852
8a41e5b1-abd8-4eeb-afb8-9e5a93c9a8a4.jpg,1200,1600,Jack Link's Original Beef Jerky 1.25oz,134.61012311901504,427.5436793422405,420.2462380300957,804.1109969167524
8af02781-756a-45ab-98bb-dfb539368d5b.jpg,1200,1600,Jack Link's Original Beef Jerky 1.25oz,449.79480164158696,486.7420349434738,538.4404924760602,587.0503597122303
8af02781-756a-45ab-98bb-dfb539368d5b.jpg,1200,1600,Jack Link's Original Beef Jerky 1.25oz,346.374829001368,769.5786228160329,423.52941176470597,850.1541623843782
8af02781-756a-45ab-98bb-dfb539368d5b.jpg,1200,1600,Jack Link's Original Beef Jerky 1.25oz,416.96306429548565,753.1346351490237,499.0424076607387,860.0205549845837
8af02781-756a-45ab-98bb-dfb539368d5b.jpg,1200,1600,Jack Link's Original Beef Jerky 1.25oz,480.984952120383,764.6454265159301,587.6880984952121,856.7317574511819
6418ca31-05da-4740-8253-1a56ca975b9f.jpg,1200,1600,Jack Link's Original Beef Jerky 1.25oz,321.75102599179206,233.50462487153135,503.9671682626539,460.431654676259
6418ca31-05da-4740-8253-1a56ca975b9f.jpg,1200,1600,Jack Link's Original Beef Jerky 1.25oz,510.5335157318742,218.70503597122303,714.0902872777018,453.85405960945525
6418ca31-05da-4740-8253-1a56ca975b9f.jpg,1200,1600,Jack Link's Original Beef Jerky 1.25oz,331.6005471956225,499.8972250770812,517.0998632010944,713.6690647482014
6418ca31-05da-4740-8253-1a56ca975b9f.jpg,1200,1600,Jack Link's Original Beef Jerky 1.25oz,518.7414500683994,488.38643371017474,684.5417236662108,713.6690647482014
6418ca31-05da-4740-8253-1a56ca975b9f.jpg,1200,1600,Jack Link's Original Beef Jerky 1.25oz,564.7058823529411,812.332990750257,720.656634746922,1011.3052415210689
6255b211-0b5d-48f1-a524-0e74e62e1f92.jpg,1200,1600,Jack Link's Original Beef Jerky 1.25oz,208.48153214774283,133.19630010277493,364.4322845417237,371.63412127440904
6255b211-0b5d-48f1-a524-0e74e62e1f92.jpg,1200,1600,Jack Link's Original Beef Jerky 1.25oz,369.35704514363886,167.72867420349436,513.8166894664843,376.56731757451183
6255b211-0b5d-48f1-a524-0e74e62e1f92.jpg,1200,1600,Jack Link's Original Beef Jerky 1.25oz,218.3310533515732,394.655704008222,369.35704514363886,616.6495375128469
6255b211-0b5d-48f1-a524-0e74e62e1f92.jpg,1200,1600,Jack Link's Original Beef Jerky 1.25oz,367.7154582763338,396.30010277492295,485.9097127222982,611.7163412127442
6255b211-0b5d-48f1-a524-0e74e62e1f92.jpg,1200,1600,Jack Link's Original Beef Jerky 1.25oz,408.7551299589603,730.1130524152107,530.232558139535,904.4193216855086
b0d3e1e3-440b-4b6a-baff-4f135ce43b7b.jpg,1200,1600,Jack Link's Original Beef Jerky 1.25oz,605.7455540355678,138.1294964028777,791.2448700410397,452.2096608427543
b0d3e1e3-440b-4b6a-baff-4f135ce43b7b.jpg,1200,1600,Jack Link's Original Beef Jerky 1.25oz,297.12722298221615,241.72661870503597,523.6662106703146,526.207605344296
b0d3e1e3-440b-4b6a-baff-4f135ce43b7b.jpg,1200,1600,Jack Link's Original Beef Jerky 1.25oz,313.5430916552668,552.5179856115108,513.8166894664843,807.3997944501542
b0d3e1e3-440b-4b6a-baff-4f135ce43b7b.jpg,1200,1600,Jack Link's Original Beef Jerky 1.25oz,515.4582763337894,575.5395683453237,710.8071135430918,841.9321685508736
b0d3e1e3-440b-4b6a-baff-4f135ce43b7b.jpg,1200,1600,Jack Link's Original Beef Jerky 1.25oz,310.2599179206566,975.1284686536485,495.7592339261287,1192.1891058581705
b0d3e1e3-440b-4b6a-baff-4f135ce43b7b.jpg,1200,1600,Jack Link's Original Beef Jerky 1.25oz,582.7633378932968,947.1736896197328,748.5636114911081,1137.92394655704
b0d3e1e3-440b-4b6a-baff-4f135ce43b7b.jpg,1200,1600,Jack Link's Original Beef Jerky 1.25oz,546.6484268125855,1164.2343268242548,730.5061559507524,1382.939362795478
b0d3e1e3-440b-4b6a-baff-4f135ce43b7b.jpg,1200,1600,Jack Link's Original Beef Jerky 1.25oz,338.1668946648427,1203.6998972250772,495.7592339261286,1443.782117163412
858d2a93-4b02-41af-875e-fb8d5a5a1e0b.jpg,1200,1600,Jack Link's Original Beef Jerky 1.25oz,3.283173734610123,452.2096608427543,334.8837209302326,815.6217882836588
c0d3d9bf-504e-473f-81ab-85db9c892f98.jpg,1200,1600,Jack Link's Original Beef Jerky 1.25oz,29.548563611491108,414.3884892086331,231.46374829001374,595.2723535457349
f681a0d4-5c0e-41f8-8221-803885d97570.jpg,1200,1600,Jack Link's Original Beef Jerky 1.25oz,126.40218878248974,69.06474820143885,357.86593707250347,263.103802672148
7c8723c7-d759-49c1-ba98-3f9b6fe3c193.jpg,1200,1600,Jack Link's Original Beef Jerky 1.25oz,70.58823529411764,147.99588900308325,270.86183310533517,374.9229188078109
7c8723c7-d759-49c1-ba98-3f9b6fe3c193.jpg,1200,1600,Jack Link's Original Beef Jerky 1.25oz,87.00410396716826,425.8992805755396,242.9548563611491,578.8283658787255
7ad0eeff-2af4-4eb2-b014-460c69146814.jpg,1200,1600,Jack Link's Original Beef Jerky 1.25oz,293.84404924760605,307.502569373073,416.9630642954857,443.9876670092498
7ad0eeff-2af4-4eb2-b014-460c69146814.jpg,1200,1600,Jack Link's Original Beef Jerky 1.25oz,343.09165526675787,485.0976361767729,446.5116279069768,588.6947584789311
646caa5b-84a4-46d1-ab0e-0f2d5639a819.jpg,1200,1600,Jack Link's Original Beef Jerky 1.25oz,228.18057455540358,106.88591983556013,400.5471956224351,294.34737923946557
b0edb1f0-b9ae-4e22-8cb9-3ac28a32f6bd.jpg,1960,4032,Jack Link's Original Beef Jerky 1.25oz,437.0451436388509,795.1179213857428,1026.9220246238028,1257.1459027315123
07ba7d5e-e85a-4ffa-a9c6-8123058bee84.jpg,1960,4032,Jack Link's Original Beef Jerky 1.25oz,50.94391244870041,2003.9120586275815,375.3761969904241,2471.3124583610925
902ef2f3-a43b-49c2-ac91-8237cfa4c221.jpg,1960,4032,Jack Link's Original Beef Jerky 1.25oz,128.70041039671682,2030.774150566289,506.75786593707244,2610.995336442372
d2cddc9a-7d26-4d76-8698-df6fb7789933.jpg,1960,4032,Jack Link's Original Beef Jerky 1.25oz,10.725034199726402,607.0832778147902,496.0328317373461,1195.3630912724848
edd24f04-d064-4f52-9cce-8d7ebd608196.jpg,1960,4032,Jack Link's Original Beef Jerky 1.25oz,1482.7359781121752,687.6695536309128,1951.956224350205,1300.1252498334443
f202e5a9-d071-477e-8c27-f43729da6aef.jpg,1600,1200,Jack Link's Original Beef Jerky 1.25oz,282.3529411764706,21.857923497267763,621.6142270861833,360.655737704918
751e79c6-dee4-48a2-8c43-764f39b4dde7.jpg,1600,1200,Jack Link's Original Beef Jerky 1.25oz,277.97537619699045,63.387978142076506,610.6703146374829,347.5409836065574
7bcaec5c-0531-46e6-a23f-43bdc663af99.jpg,1200,1600,Jack Link's Original Beef Jerky 1.25oz,4.924760601915184,263.103802672148,193.70725034199728,516.3412127440904
37dbfcc1-8bc0-4c80-9909-88c497a24dd1.jpg,1200,1600,Jack Link's Original Beef Jerky 1.25oz,4.924760601915184,830.421377183967,175.64979480164158,1073.792394655704
37dbfcc1-8bc0-4c80-9909-88c497a24dd1.jpg,1200,1600,Jack Link's Original Beef Jerky 1.25oz,19.699042407660738,1072.1479958890031,208.48153214774283,1262.8982528263102
37dbfcc1-8bc0-4c80-9909-88c497a24dd1.jpg,1200,1600,Jack Link's Original Beef Jerky 1.25oz,13.132694938440492,588.6947584789311,178.93296853625174,812.332990750257
3495d745-98e0-47e8-815d-2a60ad63bbd8.jpg,1200,1600,Jack Link's Original Beef Jerky 1.25oz,136.2517099863201,516.3412127440904,287.2777017783858,680.7810894141829
3495d745-98e0-47e8-815d-2a60ad63bbd8.jpg,1200,1600,Jack Link's Original Beef Jerky 1.25oz,879.8905608755128,478.52004110996916,981.6689466484268,601.8499486125386
33c25cd4-64ba-4d19-9f56-d3a3063e392a.jpg,1200,1600,Jack Link's Original Beef Jerky 1.25oz,236.38850889192886,508.1192189105858,382.4897400820793,672.5590955806783
1a1b599d-23e2-409a-a006-364ed3a93a9d.jpg,1200,1600,Jack Link's Original Beef Jerky 1.25oz,569.6306429548564,812.332990750257,741.9972640218879,971.8396711202466
9ff2e5cb-7eff-4cca-8df4-a10a37f0c58f.jpg,1960,4032,Jack Link's Original Beef Jerky 1.25oz,40.21887824897401,2135.536309127249,337.8385772913817,2632.485009993338
4361d9dd-fdcf-4663-9a56-84e60516ea41.jpg,1200,1600,Jack Link's Original Beef Jerky 1.25oz,613.953488372093,616.6495375128469,741.9972640218878,739.9794450154163
4361d9dd-fdcf-4663-9a56-84e60516ea41.jpg,1200,1600,Jack Link's Original Beef Jerky 1.25oz,462.92749658002737,838.6433710174717,615.5950752393979,1001.4388489208633
4361d9dd-fdcf-4663-9a56-84e60516ea41.jpg,1200,1600,Jack Link's Original Beef Jerky 1.25oz,609.0287277701779,850.1541623843782,755.1299589603284,993.2168550873588
4361d9dd-fdcf-4663-9a56-84e60516ea41.jpg,1200,1600,Jack Link's Original Beef Jerky 1.25oz,513.8166894664843,1277.6978417266187,666.484268125855,1453.6485097636178
4361d9dd-fdcf-4663-9a56-84e60516ea41.jpg,1200,1600,Jack Link's Original Beef Jerky 1.25oz,656.6347469220246,1269.475847893114,794.5280437756498,1430.6269270298048
13c6cd98-e199-4efa-b406-0f0df002b912.jpg,1960,4032,Jack Link's Original Beef Jerky 1.25oz,512.1203830369358,725.2764823451032,965.2530779753763,1337.732178547635
be08ee14-6198-4925-8f0f-5d446036a2f6.jpg,1960,4032,Jack Link's Original Beef Jerky 1.25oz,8.043775649794801,684.9833444370419,517.4829001367989,1313.5562958027983
94bfcdac-99aa-4c96-95fb-69bfb9a15558.jpg,1960,4032,Jack Link's Original Beef Jerky 1.25oz,471.9015047879617,1302.811459027315,839.233926128591,1727.232511658894
37c8a6d0-feb6-4126-a16b-7d1e18e189dc.jpg,1200,1600,Jack Link's Original Beef Jerky 1.25oz,126.40218878248974,448.92086330935246,375.9233926128591,665.9815005138746
97737121-f275-4367-86d5-d5a51823c56e.jpg,1200,1600,Jack Link's Original Beef Jerky 1.25oz,413.6798905608755,498.2528263103803,582.7633378932968,672.5590955806783
f496b341-0cfa-4410-bd1e-9b9831dec0a9.jpg,1200,1600,Jack Link's Original Beef Jerky 1.25oz,298.7688098495212,481.808838643371,446.51162790697674,641.3155190133607
841db80a-3ef1-4b2f-9a27-dcd801ee48ac.jpg,1600,1200,Jack Link's Original Beef Jerky 1.25oz,418.0574555403557,596.7213114754098,551.5731874145007,747.5409836065573
841db80a-3ef1-4b2f-9a27-dcd801ee48ac.jpg,1600,1200,Jack Link's Original Beef Jerky 1.25oz,952.1203830369357,668.8524590163934,1129.4117647058824,806.5573770491802
c7b8d0b2-58ad-49bb-bbbd-2a5a4abf8955.jpg,1200,1600,Jack Link's Original Beef Jerky 1.25oz,357.86593707250347,684.0698869475848,508.89192886456914,904.4193216855086
e3650728-0025-4203-a331-d07f5ceec7d8.jpg,1200,1600,Jack Link's Original Beef Jerky 1.25oz,108.34473324213405,568.96197327852,361.1491108071135,769.5786228160329
a3a74d49-325e-47c7-bd06-d161e11ad5a3.jpg,1960,4032,Jack Link's Original Beef Jerky 1.25oz,5.362517099863201,1063.7388407728183,268.1258549931601,1512.3357761492339
ff8f5fb8-11eb-4f57-97dd-4aa47f0f70c3.jpg,1960,4032,Jack Link's Original Beef Jerky 1.25oz,1394.2544459644323,714.5316455696202,1796.4432284541726,1286.6942038640905
b4ba4da6-ea84-4b93-b6c5-ce699d29287e.jpg,1960,4032,Jack Link's Original Beef Jerky 1.25oz,10.725034199726402,601.7108594270486,560.3830369357046,1254.4596935376417
65f5cfb4-4c1a-423a-a12d-ae1213b997ab.jpg,1200,1600,Jack Link's Original Beef Jerky 1.25oz,420.24623803009575,335.45734840698873,669.7674418604652,560.7399794450155
9cec0282-5d54-48e4-ac8d-5a716b999bc2.jpg,1200,1600,Jack Link's Original Beef Jerky 1.25oz,64.0218878248974,238.4378211716341,344.73324213406295,504.83042137718394
e3de48f0-4107-481b-b721-83b74717bb9a.jpg,1200,1600,Jack Link's Original Beef Jerky 1.25oz,781.3953488372093,259.81500513874613,1001.3679890560875,539.3627954779034
27689b85-7d25-4fd8-83da-087d628403c0.jpg,2160,2160,Jack Link's Original Beef Jerky 1.25oz,496.4158686730506,455.04787961696303,741.6689466484268,765.3077975376198
27689b85-7d25-4fd8-83da-087d628403c0.jpg,2160,2160,Jack Link's Original Beef Jerky 1.25oz,517.0998632010944,785.9917920656635,723.939808481532,1122.8454172366623
27689b85-7d25-4fd8-83da-087d628403c0.jpg,2160,2160,Jack Link's Original Beef Jerky 1.25oz,508.235294117647,1146.4842681258551,723.939808481532,1486.2927496580028
d17a91ff-d2d4-4d3e-b4eb-da42b371df5d.jpg,2160,2160,Jack Link's Original Beef Jerky 1.25oz,531.87414500684,29.548563611491105,1208.5362517099866,641.203830369357
ebc7b1f7-f67c-401c-ac20-70889c217e08.jpg,2160,2160,Jack Link's Original Beef Jerky 1.25oz,933.734610123119,1072.6128590971273,1332.640218878249,1332.640218878249
c90857f3-8cbe-40ae-9bfa-6c855e889929.jpg,2160,2160,Jack Link's Original Beef Jerky 1.25oz,655.9781121751026,209.79480164158687,1046.0191518467852,561.4227086183312
ac704276-05e7-4e30-9329-f505d41b7825.jpg,1200,1600,Jack Link's Original Beef Jerky 1.25oz,229.8221614227086,52.6207605344296,441.58686730506156,299.28057553956836
73eb2302-7eaf-48e4-ac2f-b19fccddd911.jpg,1200,1600,Jack Link's Original Beef Jerky 1.25oz,203.55677154582764,230.2158273381295,385.77291381668954,412.74409044193214
b16756dd-0e87-4be6-a880-862ca6539563.jpg,1200,1600,Jack Link's Original Beef Jerky 1.25oz,228.18057455540358,226.92702980472762,420.24623803009575,439.054470709147
ccd2213c-eec0-4b49-b131-f812d21aec47.jpg,1200,1600,Jack Link's Original Beef Jerky 1.25oz,261.0123119015048,310.7913669064748,472.77701778385773,504.83042137718394
984ffef2-539b-40b8-a81a-f582fb74a76c.jpg,1200,1600,Jack Link's Original Beef Jerky 1.25oz,216.6894664842681,340.39054470709146,349.65800273597813,470.29804727646456
a231755e-a761-4cf4-929d-27f2349a6424.jpg,1960,4032,Jack Link's Original Beef Jerky 1.25oz,356.6073871409029,773.6282478347767,809.7400820793434,1254.4596935376414
d134107c-d615-4e6d-b5b1-c4b13bb60227.jpg,1960,4032,Jack Link's Original Beef Jerky 1.25oz,10.725034199726402,1353.8494337108593,380.73871409028726,1783.64290473018
d134107c-d615-4e6d-b5b1-c4b13bb60227.jpg,1960,4032,Jack Link's Original Beef Jerky 1.25oz,40.21887824897401,1840.0532978014658,442.40766073871407,2213.4363757495003
52628133-9692-44d9-acdd-2645a0de0293.jpg,1960,4032,Jack Link's Original Beef Jerky 1.25oz,16.087551299589602,2551.8987341772154,209.13816689466483,3054.219853431046
b26cb91f-ff4c-479a-887f-264f42bd8821.jpg,1200,1600,Jack Link's Original Beef Jerky 1.25oz,114.9110807113543,226.92702980472762,238.03009575923392,337.10174717368966
b26cb91f-ff4c-479a-887f-264f42bd8821.jpg,1200,1600,Jack Link's Original Beef Jerky 1.25oz,244.5964432284542,197.327852004111,390.69767441860466,323.9465570400822
b26cb91f-ff4c-479a-887f-264f42bd8821.jpg,1200,1600,Jack Link's Original Beef Jerky 1.25oz,413.6798905608755,243.3710174717369,540.0820793433652,322.3021582733813
2799f955-736d-4824-84b5-db0dce72b8b4.jpg,1200,1600,Jack Link's Original Beef Jerky 1.25oz,198.63201094391246,95.37512846865364,556.4979480164159,516.3412127440904
2a70925a-076f-4922-bebf-df70c1d2f405.jpg,1200,1600,Jack Link's Original Beef Jerky 1.25oz,321.75102599179206,517.9856115107914,554.8563611491109,712.0246659815006
1305e583-7f9d-4211-a289-7c72e5b7291d.jpg,1200,1600,Jack Link's Original Beef Jerky 1.25oz,85.3625170998632,320.65775950668035,247.8796169630643,541.0071942446043
1305e583-7f9d-4211-a289-7c72e5b7291d.jpg,1200,1600,Jack Link's Original Beef Jerky 1.25oz,108.34473324213405,562.3843782117164,254.44596443228454,787.667009249743
1305e583-7f9d-4211-a289-7c72e5b7291d.jpg,1200,1600,Jack Link's Original Beef Jerky 1.25oz,106.703146374829,818.9105858170606,262.6538987688098,1044.1932168550875
0f308e81-7aee-41bf-ae4f-25f82584e15f.jpg,1200,1600,Jack Link's Original Beef Jerky 1.25oz,109.9863201094391,693.9362795477903,200.27359781121754,815.6217882836588
0f308e81-7aee-41bf-ae4f-25f82584e15f.jpg,1200,1600,Jack Link's Original Beef Jerky 1.25oz,113.26949384404925,812.332990750257,208.48153214774283,955.3956834532373
0f308e81-7aee-41bf-ae4f-25f82584e15f.jpg,1200,1600,Jack Link's Original Beef Jerky 1.25oz,91.92886456908344,929.0853031860227,215.04787961696306,1101.7471736896198
a7b0c08e-ed8b-40e3-a413-b60b7344a682.jpg,1200,1600,Jack Link's Original Beef Jerky 1.25oz,306.9767441860465,55.90955806783144,523.6662106703146,300.9249743062693
8fe043f1-b81c-41e8-932f-2fdfc0d771e3.jpg,1200,1600,Jack Link's Original Beef Jerky 1.25oz,436.6621067031464,746.5570400822199,604.1039671682627,868.2425488180885
a0982c61-ee49-48fd-9dc5-9ab814ae2034.jpg,4032,1960,Jack Link's Original Beef Jerky 1.25oz,33.09439124487004,230.58823529411762,661.8878248974007,927.8431372549019
a0982c61-ee49-48fd-9dc5-9ab814ae2034.jpg,4032,1960,Jack Link's Original Beef Jerky 1.25oz,11.031463748290014,1048.627450980392,694.9822161422708,1828.2352941176468
97a13bb8-b575-44b0-a0b3-636461a998e1.jpg,1600,1200,Jack Link's Original Beef Jerky 1.25oz,111.62790697674419,262.2950819672131,365.5266757865937,583.6065573770492
97a13bb8-b575-44b0-a0b3-636461a998e1.jpg,1600,1200,Jack Link's Original Beef Jerky 1.25oz,65.66347469220246,622.9508196721312,378.6593707250342,1012.0218579234972
fa2d34b5-c8ea-4387-82b7-07807023fa33.jpg,1600,1200,Jack Link's Original Beef Jerky 1.25oz,26.265389876880985,251.36612021857923,367.7154582763338,592.3497267759562
fa2d34b5-c8ea-4387-82b7-07807023fa33.jpg,1600,1200,Jack Link's Original Beef Jerky 1.25oz,100.68399452804377,625.1366120218579,317.3734610123119,865.5737704918032
862b006b-332d-4b28-8239-597b72595510.jpg,1200,1600,Jack Link's Original Beef Jerky 1.25oz,477.7017783857729,291.0585817060637,615.5950752393979,501.5416238437822
988f3fac-548e-4878-bb07-09ff6c6da357.jpg,1200,1600,Jack Link's Original Beef Jerky 1.25oz,600.8207934336525,644.6043165467626,725.5813953488371,786.0226104830422
3c9fcfa8-941a-4ecc-bd0f-aada65b8275e.jpg,1600,1200,Jack Link's Original Beef Jerky 1.25oz,21.88782489740082,266.66666666666663,251.70998632010946,537.704918032787
3c9fcfa8-941a-4ecc-bd0f-aada65b8275e.jpg,1600,1200,Jack Link's Original Beef Jerky 1.25oz,54.719562243502054,563.9344262295082,321.75102599179206,854.6448087431694
b7eb3105-4c5c-4941-8a41-a165e749179d.jpg,1200,1600,Jack Link's Original Beef Jerky 1.25oz,423.5294117647059,447.2764645426515,628.7277701778386,713.6690647482014
b7eb3105-4c5c-4941-8a41-a165e749179d.jpg,1200,1600,Jack Link's Original Beef Jerky 1.25oz,425.17099863201105,721.891058581706,612.311901504788,970.1952723535458
b7eb3105-4c5c-4941-8a41-a165e749179d.jpg,1200,1600,Jack Link's Original Beef Jerky 1.25oz,433.3789329685362,989.9280575539569,632.0109439124487,1226.72147995889
632c2d68-fb92-4709-8318-a8652ce5366e.jpg,1200,1600,Jack Link's Original Beef Jerky 1.25oz,536.7989056087551,549.229188078109,725.5813953488372,779.4450154162384
c80b52af-1137-41c0-94e3-3b0717dbcf54.jpg,1200,1600,Jack Link's Original Beef Jerky 1.25oz,54.17236662106703,217.06063720452212,297.12722298221615,519.6300102774923
c80b52af-1137-41c0-94e3-3b0717dbcf54.jpg,1200,1600,Jack Link's Original Beef Jerky 1.25oz,70.58823529411764,577.1839671120247,318.46785225718196,920.863309352518
db6dde89-1ec8-4d84-896f-515bc7fb2b31.jpg,1600,1200,Jack Link's Original Beef Jerky 1.25oz,4.377564979480164,292.896174863388,216.68946648426814,581.4207650273224
db6dde89-1ec8-4d84-896f-515bc7fb2b31.jpg,1600,1200,Jack Link's Original Beef Jerky 1.25oz,2.188782489740082,633.879781420765,203.55677154582762,998.9071038251366
b7cbc0e3-2619-4fc2-8f7a-bba3b2ecde26.jpg,1200,1600,Jack Link's Original Beef Jerky 1.25oz,4.924760601915184,294.34737923946557,198.63201094391243,524.5632065775951
b7cbc0e3-2619-4fc2-8f7a-bba3b2ecde26.jpg,1200,1600,Jack Link's Original Beef Jerky 1.25oz,24.623803009575923,559.0955806783145,205.19835841313272,804.1109969167524
490a0a64-0f17-4b5b-95cb-c662cc54aeb7.jpg,1600,1200,Jack Link's Original Beef Jerky 1.25oz,133.51573187414502,168.30601092896177,411.4911080711354,487.43169398907105
490a0a64-0f17-4b5b-95cb-c662cc54aeb7.jpg,1600,1200,Jack Link's Original Beef Jerky 1.25oz,159.78112175102598,496.1748633879781,437.75649794801643,859.016393442623
ff8a8532-1f21-4a95-b1b0-0400058a0a0f.jpg,1200,1600,Jack Link's Original Beef Jerky 1.25oz,643.5020519835841,1063.9260020554984,779.7537619699043,1246.454265159301
6a9aaeae-cf9a-46df-901c-6afdc6961412.jpg,1600,1200,Jack Link's Original Beef Jerky 1.25oz,181.6689466484268,306.0109289617487,284.54172366621066,439.34426229508205
6a9aaeae-cf9a-46df-901c-6afdc6961412.jpg,1600,1200,Jack Link's Original Beef Jerky 1.25oz,258.27633378932967,288.5245901639344,380.8481532147743,441.53005464480873
6a9aaeae-cf9a-46df-901c-6afdc6961412.jpg,1600,1200,Jack Link's Original Beef Jerky 1.25oz,444.3228454172367,277.59562841530055,564.7058823529412,443.7158469945355
6a9aaeae-cf9a-46df-901c-6afdc6961412.jpg,1600,1200,Jack Link's Original Beef Jerky 1.25oz,547.1956224350206,275.40983606557376,671.9562243502052,434.9726775956284
6a9aaeae-cf9a-46df-901c-6afdc6961412.jpg,1600,1200,Jack Link's Original Beef Jerky 1.25oz,755.1299589603283,268.8524590163934,882.0793433652531,439.344262295082
6a9aaeae-cf9a-46df-901c-6afdc6961412.jpg,1600,1200,Jack Link's Original Beef Jerky 1.25oz,864.5690834473324,253.55191256830602,998.0848153214774,415.30054644808746
6a9aaeae-cf9a-46df-901c-6afdc6961412.jpg,1600,1200,Jack Link's Original Beef Jerky 1.25oz,1092.2024623803009,227.3224043715847,1267.3050615595075,415.3005464480874
6a9aaeae-cf9a-46df-901c-6afdc6961412.jpg,1600,1200,Jack Link's Original Beef Jerky 1.25oz,1245.4172366621067,214.207650273224,1418.3310533515732,408.74316939890707
6a9aaeae-cf9a-46df-901c-6afdc6961412.jpg,1600,1200,Jack Link's Original Beef Jerky 1.25oz,172.91381668946647,487.43169398907105,343.6388508891929,629.5081967213115
6a9aaeae-cf9a-46df-901c-6afdc6961412.jpg,1600,1200,Jack Link's Original Beef Jerky 1.25oz,536.2517099863201,480.87431693989066,682.9001367989056,640.4371584699453
6a9aaeae-cf9a-46df-901c-6afdc6961412.jpg,1600,1200,Jack Link's Original Beef Jerky 1.25oz,822.9822161422709,476.50273224043724,1002.4623803009575,644.8087431693989
6a9aaeae-cf9a-46df-901c-6afdc6961412.jpg,1600,1200,Jack Link's Original Beef Jerky 1.25oz,1118.467852257182,452.4590163934426,1267.3050615595075,627.3224043715846
6a9aaeae-cf9a-46df-901c-6afdc6961412.jpg,1600,1200,Jack Link's Original Beef Jerky 1.25oz,1238.8508891928864,450.27322404371586,1398.6320109439123,633.8797814207651
cd464233-0d14-4161-a11f-67cd3664c099.jpg,1200,1600,Jack Link's Original Beef Jerky 1.25oz,34.47332421340629,3.28879753340185,182.21614227086187,124.9743062692703
cd464233-0d14-4161-a11f-67cd3664c099.jpg,1200,1600,Jack Link's Original Beef Jerky 1.25oz,175.6497948016416,0,331.60054719562254,116.75231243576567
cd464233-0d14-4161-a11f-67cd3664c099.jpg,1200,1600,Jack Link's Original Beef Jerky 1.25oz,55.81395348837209,213.77183967112026,210.1231190150479,379.85611510791364
cd464233-0d14-4161-a11f-67cd3664c099.jpg,1200,1600,Jack Link's Original Beef Jerky 1.25oz,190.42407660738715,213.77183967112026,348.0164158686731,389.7225077081192
cd464233-0d14-4161-a11f-67cd3664c099.jpg,1200,1600,Jack Link's Original Beef Jerky 1.25oz,824.0766073871409,611.7163412127442,955.4035567715459,772.8674203494347
cd464233-0d14-4161-a11f-67cd3664c099.jpg,1200,1600,Jack Link's Original Beef Jerky 1.25oz,940.6292749658002,618.2939362795478,1048.9740082079343,771.2230215827338
cd464233-0d14-4161-a11f-67cd3664c099.jpg,1200,1600,Jack Link's Original Beef Jerky 1.25oz,1048.9740082079343,605.1387461459404,1170.451436388509,769.5786228160329
eac2d76e-b0e9-4fcc-b5c5-9eb8d0e1f858.jpg,1200,1600,Jack Link's Original Beef Jerky 1.25oz,428.45417236662104,110.17471736896198,566.3474692202462,307.502569373073
ab8fad48-2518-4c83-a5c3-ed8d5cd200cf.jpg,1200,1600,Jack Link's Original Beef Jerky 1.25oz,198.63201094391246,603.4943473792395,352.9411764705883,771.2230215827338
ab8fad48-2518-4c83-a5c3-ed8d5cd200cf.jpg,1200,1600,Jack Link's Original Beef Jerky 1.25oz,339.80848153214777,601.8499486125386,479.34336525307793,758.0678314491264
ab8fad48-2518-4c83-a5c3-ed8d5cd200cf.jpg,1200,1600,Jack Link's Original Beef Jerky 1.25oz,471.13543091655265,606.7831449126413,586.0465116279069,766.289825282631
329a5bd3-926c-41d1-9f21-945f7f434050.jpg,1200,1600,Jack Link's Original Beef Jerky 1.25oz,267.57865937072506,105.2415210688592,546.6484268125855,416.032887975334
17c23876-52df-4565-a6bd-2116f2799350.jpg,1200,1600,Jack Link's Original Beef Jerky 1.25oz,251.16279069767444,90.44193216855088,561.4227086183311,457.1428571428571
e94c3c0f-09e2-4bd2-96de-4e5d0467f4e1.jpg,1200,1600,Jack Link's Original Beef Jerky 1.25oz,502.3255813953489,396.30010277492295,677.9753761969904,596.9167523124357
917e905d-9d10-45fa-af83-1876d124b09e.jpg,1600,1200,Jack Link's Original Beef Jerky 1.25oz,26.265389876880985,273.22404371584696,323.93980848153217,596.7213114754097
917e905d-9d10-45fa-af83-1876d124b09e.jpg,1600,1200,Jack Link's Original Beef Jerky 1.25oz,63.47469220246238,607.6502732240436,352.3939808481532,909.2896174863388
12ba1dec-aab0-42c9-9ef6-1b5ed2cdf527.jpg,1600,1200,Jack Link's Original Beef Jerky 1.25oz,140.08207934336525,362.8415300546448,361.1491108071136,620.7650273224043
12ba1dec-aab0-42c9-9ef6-1b5ed2cdf527.jpg,1600,1200,Jack Link's Original Beef Jerky 1.25oz,155.40355677154582,642.6229508196722,376.4705882352941,874.3169398907103
7d57fe6d-f730-4754-9120-b95fe53adcb3.jpg,1200,1600,Jack Link's Original Beef Jerky 1.25oz,400.5471956224351,624.8715313463515,615.595075239398,864.9537512846866
329ac538-d45e-4359-abfc-30e3a0524d2c.jpg,1960,4032,Jack Link's Original Beef Jerky 1.25oz,705.170998632011,1200.7355096602264,1048.3720930232557,1595.6082611592274
0f018ddc-81a0-483b-8699-7184d5e179a0.jpg,1960,4032,Jack Link's Original Beef Jerky 1.25oz,32.175102599179205,784.3730846102599,705.1709986320111,1520.394403730846
0f018ddc-81a0-483b-8699-7184d5e179a0.jpg,1960,4032,Jack Link's Original Beef Jerky 1.25oz,104.56908344733242,1641.27381745503,750.7523939808482,2436.391738840773
8b9317b6-75f0-4c37-a527-40e8b55c1ff5.jpg,1200,1600,Jack Link's Original Beef Jerky 1.25oz,454.719562243502,534.4295991778006,640.2188782489741,777.8006166495376
8a3ed9b0-5091-42df-a1b4-faff8842f974.jpg,1600,1200,Jack Link's Original Beef Jerky 1.25oz,118.19425444596443,343.16939890710387,315.1846785225718,590.1639344262295
8a3ed9b0-5091-42df-a1b4-faff8842f974.jpg,1600,1200,Jack Link's Original Beef Jerky 1.25oz,54.719562243502054,633.879781420765,312.99589603283175,977.0491803278688
7d9ace33-31ff-4967-97fa-8ac740cb46a8.jpg,1960,4032,Jack Link's Original Beef Jerky 1.25oz,16.087551299589602,1496.2185209860095,404.8700410396718,1891.09127248501
40817e36-0e0b-4219-b636-d8f29acecffe.jpg,1200,1600,Jack Link's Original Beef Jerky 1.25oz,832.2845417236662,549.229188078109,1040.766073871409,881.3977389516958
5c5a9511-c3dd-40c7-941e-6213a31946ff.jpg,1600,1200,Jack Link's Original Beef Jerky 1.25oz,85.3625170998632,295.08196721311475,415.8686730506157,605.464480874317
5c5a9511-c3dd-40c7-941e-6213a31946ff.jpg,1600,1200,Jack Link's Original Beef Jerky 1.25oz,15.321477428180575,651.3661202185792,334.8837209302326,1119.1256830601092
e02f704b-4973-4bb9-b9eb-abe87770659b.jpg,1200,1600,Jack Link's Original Beef Jerky 1.25oz,520.3830369357045,169.3730729701953,684.5417236662107,430.8324768756423
5a3584cc-8511-47dc-b342-e8cf8061917b.jpg,1600,1200,Jack Link's Original Beef Jerky 1.25oz,8.755129958960328,279.78142076502735,315.1846785225718,655.7377049180329
5a3584cc-8511-47dc-b342-e8cf8061917b.jpg,1600,1200,Jack Link's Original Beef Jerky 1.25oz,6.566347469220246,671.0382513661202,328.3173734610123,1151.912568306011
b0552388-9d74-4ed4-8372-9f77ec218780.jpg,1200,1600,Jack Link's Original Beef Jerky 1.25oz,929.1381668946648,358.47893114080165,1042.4076607387142,485.0976361767729
b0552388-9d74-4ed4-8372-9f77ec218780.jpg,1200,1600,Jack Link's Original Beef Jerky 1.25oz,825.7181942544458,585.4059609455293,934.06292749658,700.513874614594
b0552388-9d74-4ed4-8372-9f77ec218780.jpg,1200,1600,Jack Link's Original Beef Jerky 1.25oz,912.7222982216143,568.96197327852,1030.9165526675788,695.5806783144913
0fd2dc56-ab2f-446e-9f02-f306b350e4f2.jpg,1200,1600,Jack Link's Original Beef Jerky 1.25oz,889.7400820793434,320.65775950668035,1029.2749658002735,435.7656731757452
2cfad25a-1b9c-4373-a07b-59418bb5470e.jpg,1200,1600,Jack Link's Original Beef Jerky 1.25oz,311.9015047879617,777.8006166495376,425.17099863201094,947.1736896197328
259cc234-3cf4-4741-b05c-437908574378.jpg,1600,1200,Jack Link's Original Beef Jerky 1.25oz,402.7359781121751,491.8032786885246,577.8385772913816,692.8961748633881
f956231d-e488-4073-988e-a0fa030e1b3f.jpg,1200,1600,Jack Link's Original Beef Jerky 1.25oz,443.2284541723666,333.8129496402878,620.5198358413131,585.4059609455293
34191409-843d-4de7-9e0f-de6781cfcc1f.jpg,1600,1200,Jack Link's Original Beef Jerky 1.25oz,0,644.8087431693989,328.3173734610123,1042.622950819672
90a7d9c0-0eae-40fa-b889-6bb9b1c5051f.jpg,1200,1600,Jack Link's Original Beef Jerky 1.25oz,93.57045143638851,429.18807810894145,321.75102599179206,689.0030832476875
692a50c7-66f3-475a-b1b3-d64946abe6f8.jpg,1600,1200,Jack Link's Original Beef Jerky 1.25oz,183.8577291381669,644.8087431693989,455.26675786593705,1016.3934426229508
9df9457d-159e-4ac2-81ca-f58dd8498a2f.jpg,1600,1200,Jack Link's Original Beef Jerky 1.25oz,102.87277701778386,524.5901639344262,341.4500683994528,904.9180327868853
b0552388-9d74-4ed4-8372-9f77ec218780.jpg,1200,1600,Jack Link's Original Beef Jerky 1.25oz,916.0054719562244,820.5549845837617,1009.5759233926128,909.3525179856115
0fd2dc56-ab2f-446e-9f02-f306b350e4f2.jpg,1200,1600,Jack Link's Original Beef Jerky 1.25oz,761.6963064295486,315.72456320657756,894.6648426812587,448.92086330935246
2cfad25a-1b9c-4373-a07b-59418bb5470e.jpg,1200,1600,Jack Link's Original Beef Jerky 1.25oz,305.3351573187415,460.431654676259,430.0957592339262,631.4491264131551
4e7b10e0-f498-46c1-9762-74b9f7abd522.jpg,1200,1600,Jack Link's Original Beef Jerky 1.25oz,293.84404924760605,573.8951695786228,494.1176470588235,853.4429599177801
e7c93964-dca7-4f1b-918a-69f26a661022.jpg,1600,1200,Jack Link's Original Beef Jerky 1.25oz,39.398084815321475,548.6338797814208,418.0574555403557,966.120218579235
34191409-843d-4de7-9e0f-de6781cfcc1f.jpg,1600,1200,Jack Link's Original Beef Jerky 1.25oz,4.377564979480164,249.18032786885246,326.1285909712723,592.3497267759562
567a1c15-59f9-429e-b67c-db0b028867e0.jpg,1200,1600,Jack Link's Original Beef Jerky 1.25oz,415.32147742818046,129.90750256937307,618.8782489740082,462.07605344295985
90a7d9c0-0eae-40fa-b889-6bb9b1c5051f.jpg,1200,1600,Jack Link's Original Beef Jerky 1.25oz,105.06155950752394,728.4686536485098,346.374829001368,994.8612538540596
b2e1ed47-f6bf-4a0c-a354-9f510a4c8e83.jpg,1200,1600,Jack Link's Original Beef Jerky 1.25oz,525.3077975376196,205.5498458376156,643.5020519835841,420.9660842754368
0fd2dc56-ab2f-446e-9f02-f306b350e4f2.jpg,1200,1600,Jack Link's Original Beef Jerky 1.25oz,930.7797537619698,129.90750256937307,1070.3146374829003,269.6813977389517
0fd2dc56-ab2f-446e-9f02-f306b350e4f2.jpg,1200,1600,Jack Link's Original Beef Jerky 1.25oz,740.3556771545827,167.72867420349436,893.0232558139535,261.45940390544706
2cfad25a-1b9c-4373-a07b-59418bb5470e.jpg,1200,1600,Jack Link's Original Beef Jerky 1.25oz,333.2421340629275,623.2271325796505,448.15321477428176,787.667009249743
4e2aa0d1-7008-46c0-8868-6e5e374e3a23.jpg,1200,1600,Jack Link's Original Beef Jerky 1.25oz,814.2270861833106,689.0030832476875,942.2708618331054,805.7553956834532
692a50c7-66f3-475a-b1b3-d64946abe6f8.jpg,1600,1200,Jack Link's Original Beef Jerky 1.25oz,172.91381668946647,319.1256830601093,470.5882352941177,622.9508196721312
9df9457d-159e-4ac2-81ca-f58dd8498a2f.jpg,1600,1200,Jack Link's Original Beef Jerky 1.25oz,94.11764705882352,172.6775956284153,383.0369357045144,487.43169398907105
2599eab1-9bc3-473f-9d3c-1136f23207cc.jpg,1200,1600,Jack Link's Original Beef Jerky 1.25oz,1001.3679890560874,616.6495375128469,1139.2612859097126,761.3566289825283
94b444ca-aa99-4644-bc1e-2d7205f325d8.jpg,1200,1600,Jack Link's Original Beef Jerky 1.25oz,105.06155950752394,827.1325796505654,293.84404924760605,1029.393627954779
94b444ca-aa99-4644-bc1e-2d7205f325d8.jpg,1200,1600,Jack Link's Original Beef Jerky 1.25oz,1.6415868673050615,860.0205549845837,131.3269493844049,1029.393627954779
27dcd3f1-d774-419d-aa90-41724c3381b2.jpg,1200,1600,Jack Link's Original Beef Jerky 1.25oz,231.46374829001368,146.35149023638232,421.88782489740083,356.8345323741007
27dcd3f1-d774-419d-aa90-41724c3381b2.jpg,1200,1600,Jack Link's Original Beef Jerky 1.25oz,412.03830369357047,138.1294964028777,566.3474692202462,345.32374100719426
27dcd3f1-d774-419d-aa90-41724c3381b2.jpg,1200,1600,Jack Link's Original Beef Jerky 1.25oz,328.3173734610123,812.332990750257,487.5512995896032,952.1068859198355
27dcd3f1-d774-419d-aa90-41724c3381b2.jpg,1200,1600,Jack Link's Original Beef Jerky 1.25oz,480.984952120383,790.9558067831449,623.8030095759235,943.884892086331
94c302bb-5a70-44c5-b2d3-69fe2548a8ac.jpg,1600,1200,Jack Link's Original Beef Jerky 1.25oz,218.87824897400822,63.387978142076506,409.3023255813954,297.26775956284155
7f775a3c-93f0-4dd1-b2d7-37094f3cba8a.jpg,1200,1600,Jack Link's Original Beef Jerky 1.25oz,223.25581395348837,656.115107913669,438.30369357045146,874.8201438848921
72552477-cfc7-425b-9f7f-eca4b234789e.jpg,1200,1600,Jack Link's Original Beef Jerky 1.25oz,397.2640218878249,636.382322713258,543.3652530779754,774.5118191161357
6537e128-fd60-4556-942c-76f1a6b4f12a.jpg,1200,1600,Jack Link's Original Beef Jerky 1.25oz,400.5471956224351,281.1921891058582,635.2941176470589,549.229188078109
07467759-2dbf-4f83-9f9f-7fda8cad7d2d.jpg,1600,1200,Jack Link's Original Beef Jerky 1.25oz,218.87824897400822,426.2295081967213,315.1846785225718,614.207650273224
07467759-2dbf-4f83-9f9f-7fda8cad7d2d.jpg,1600,1200,Jack Link's Original Beef Jerky 1.25oz,221.06703146374832,603.2786885245902,332.6949384404925,730.0546448087432
c80051a2-a894-4f6e-a67e-66304014f426.jpg,1200,1600,Jack Link's Original Beef Jerky 1.25oz,32.83173734610123,397.9445015416239,172.36662106703147,631.4491264131551
c80051a2-a894-4f6e-a67e-66304014f426.jpg,1200,1600,Jack Link's Original Beef Jerky 1.25oz,19.699042407660738,652.8263103802672,198.6320109439124,914.2857142857142
c80051a2-a894-4f6e-a67e-66304014f426.jpg,1200,1600,Jack Link's Original Beef Jerky 1.25oz,42.6812585499316,914.2857142857142,201.91518467852256,1179.0339157245633
aecaba2f-2133-489a-982d-d990b903c55e.jpg,1200,1600,Jack Link's Original Beef Jerky 1.25oz,0,155.96330275229357,211.00917431192659,374.3119266055046
fd7b5775-185c-4e77-9764-0eb026230a34.jpg,1200,1600,Jack Link's Original Beef Jerky 1.25oz,779.8165137614681,89.90825688073394,1119.2660550458718,449.5412844036697
fd7b5775-185c-4e77-9764-0eb026230a34.jpg,1200,1600,Jack Link's Original Beef Jerky 1.25oz,717.4311926605506,478.89908256880733,985.3211009174311,768.8073394495412
fd7b5775-185c-4e77-9764-0eb026230a34.jpg,1200,1600,Jack Link's Original Beef Jerky 1.25oz,728.440366972477,840.3669724770642,1001.8348623853211,1130.2752293577983
b4fc10cd-a20b-47e6-9e7a-a64651e84024.jpg,1200,1600,Jack Link's Original Beef Jerky 1.25oz,1.8348623853211006,570.6422018348624,176.14678899082568,827.5229357798165
9722eabb-3a18-486f-8559-12608f1ae5ec.jpg,1200,1600,Jack Link's Original Beef Jerky 1.25oz,48,32,264,352
9722eabb-3a18-486f-8559-12608f1ae5ec.jpg,1200,1600,Jack Link's Original Beef Jerky 1.25oz,34.862385321100916,332.11009174311926,255.04587155963299,633.0275229357798
5c4c71c9-0f92-4bce-b707-686abf9dd960.jpg,1200,1600,Jack Link's Original Beef Jerky 1.25oz,99.08256880733946,286.23853211009174,245.87155963302752,500.9174311926605
5c4c71c9-0f92-4bce-b707-686abf9dd960.jpg,1200,1600,Jack Link's Original Beef Jerky 1.25oz,66.05504587155964,486.23853211009174,233.0275229357798,735.7798165137615
f88036f1-a08e-4e18-93a2-1ff72e821276.jpg,1960,4032,Jack Link's Original Beef Jerky 1.25oz,197.7981651376147,1667.9999999999998,587.4006116207951,2079
f1b8da03-5816-4264-b928-d79bff8fb41a.jpg,1200,1600,Jack Link's Original Beef Jerky 1.25oz,137.61467889908258,7.339449541284404,300.9174311926605,203.66972477064218
f1b8da03-5816-4264-b928-d79bff8fb41a.jpg,1200,1600,Jack Link's Original Beef Jerky 1.25oz,5.5045871559633035,258.7155963302752,124.77064220183486,482.56880733944956
f1b8da03-5816-4264-b928-d79bff8fb41a.jpg,1200,1600,Jack Link's Original Beef Jerky 1.25oz,172.47706422018348,766.9724770642202,339.4495412844037,979.816513761468
5206ea2c-3f42-44b8-af52-77392ff6a2b3.jpg,1200,1600,Jack Link's Original Beef Jerky 1.25oz,462.38532110091745,651.3761467889908,601.834862385321,798.1651376146789
5206ea2c-3f42-44b8-af52-77392ff6a2b3.jpg,1200,1600,Jack Link's Original Beef Jerky 1.25oz,335.77981651376143,851.3761467889909,495.41284403669727,992.6605504587156
3acff4fc-1614-4559-b5e2-06ab76eb41be.jpg,1200,1600,Jack Link's Original Beef Jerky 1.25oz,157.7981651376147,385.3211009174312,271.5596330275229,535.7798165137615
b9f24efe-103d-4d7f-acb4-547d83194b0e.jpg,1200,1600,Jack Link's Original Beef Jerky 1.25oz,247.70642201834863,715.5963302752293,442.2018348623853,866.0550458715596
af4c5cff-9274-4007-8ee9-6df6c977a750.jpg,1200,1600,Jack Link's Original Beef Jerky 1.25oz,51.37614678899082,88.07339449541286,266.0550458715596,300.9174311926606
1912502d-4449-4e0d-b438-967abce03303.jpg,1200,1600,Jack Link's Original Beef Jerky 1.25oz,209.17431192660547,636.697247706422,363.302752293578,807.3394495412844
1912502d-4449-4e0d-b438-967abce03303.jpg,1200,1600,Jack Link's Original Beef Jerky 1.25oz,372.4770642201835,627.5229357798165,504.58715596330273,788.9908256880734
1912502d-4449-4e0d-b438-967abce03303.jpg,1200,1600,Jack Link's Original Beef Jerky 1.25oz,253.21100917431195,877.0642201834862,390.82568807339453,987.1559633027523
1912502d-4449-4e0d-b438-967abce03303.jpg,1200,1600,Jack Link's Original Beef Jerky 1.25oz,388.9908256880734,853.2110091743119,515.5963302752293,977.9816513761467
951ad965-912c-4512-8a3e-3f577cddda8b.jpg,1200,1600,Jack Link's Original Beef Jerky 1.25oz,97.24770642201835,398.1651376146789,260.5504587155963,644.0366972477065
951ad965-912c-4512-8a3e-3f577cddda8b.jpg,1200,1600,Jack Link's Original Beef Jerky 1.25oz,110.09174311926606,640.3669724770642,310.0917431192661,842.2018348623853
0433921f-1239-473e-a249-cb4b7ddb402e.jpg,1600,1200,Jack Link's Original Beef Jerky 1.25oz,200.611620795107,794.297352342159,499.0825688073395,1134.012219959267
1b2a97b9-a312-4fae-8457-a3395bb41cb1.jpg,1200,1600,Jack Link's Original Beef Jerky 1.25oz,3.669724770642201,532.1100917431193,403.66972477064223,966.9724770642201
b71dcab2-1533-4aba-81b4-c646ebec4209.jpg,1200,1600,Jack Link's Original Beef Jerky 1.25oz,300.9174311926605,339.44954128440367,588.9908256880733,618.3486238532109
184249d8-5036-4326-9ab3-438cf49658df.jpg,1200,1600,Jack Link's Original Beef Jerky 1.25oz,146.78899082568807,543.119266055046,322.93577981651373,776.1467889908257
b4fc10cd-a20b-47e6-9e7a-a64651e84024.jpg,1200,1600,Jack Link's Original Beef Jerky 1.25oz,1.8348623853211006,847.7064220183486,170.64220183486236,1104.5871559633028
b4fc10cd-a20b-47e6-9e7a-a64651e84024.jpg,1200,1600,Jack Link's Original Beef Jerky 1.25oz,354.1284403669725,845.8715596330276,524.7706422018348,1088.073394495413
97b2709f-4c5a-465c-b133-ec4261ae9351.jpg,1200,1600,Jack Link's Original Beef Jerky 1.25oz,526.605504587156,258.7155963302752,796.330275229358,640.3669724770642
9722eabb-3a18-486f-8559-12608f1ae5ec.jpg,1200,1600,Jack Link's Original Beef Jerky 1.25oz,56.88073394495412,38.53211009174312,275.22935779816515,359.6330275229358
f1e3adce-8db2-4615-a954-5fdc363aabce.jpg,1960,4032,Jack Link's Original Beef Jerky 1.25oz,29.96941896024465,986.9999999999999,425.56574923547396,1485
46e14a95-959e-4db4-b947-bd2c30c9829a.jpg,1200,1600,Jack Link's Original Beef Jerky 1.25oz,144.95412844036696,313.76146788990826,796.3302752293579,1089.908256880734
59ff1aaa-b0d2-42b9-b0a9-7f21b98d48c8.jpg,1200,1600,Jack Link's Original Beef Jerky 1.25oz,212.8440366972477,700.9174311926605,398.16513761467894,871.5596330275229
3acff4fc-1614-4559-b5e2-06ab76eb41be.jpg,1200,1600,Jack Link's Original Beef Jerky 1.25oz,135.77981651376146,566.9724770642202,260.5504587155963,724.7706422018348
b9f24efe-103d-4d7f-acb4-547d83194b0e.jpg,1200,1600,Jack Link's Original Beef Jerky 1.25oz,42.20183486238532,429.35779816513764,251.37614678899078,645.8715596330276
d5439a53-6b4d-497e-9402-a801dae03c8b.jpg,1600,1200,Jack Link's Original Beef Jerky 1.25oz,102.75229357798166,195.5193482688391,330.2752293577982,432.58655804480657
fc556eb3-5ef1-4502-93e6-964a40ed75db.jpg,1200,1600,Jack Link's Original Beef Jerky 1.25oz,855.045871559633,304.58715596330273,1095.4128440366972,625.6880733944954
44769420-9c60-4d6f-8f71-2b4a701d907b.jpg,1600,1200,Jack Link's Teriyaki Beef Jerky 1.25oz,6.566347469220246,139.89071038251367,374.28180574555404,537.7049180327868
98f0cec6-98ac-4895-a221-ee78b8c31d50.jpg,1200,1600,Jack Link's Teriyaki Beef Jerky 1.25oz,300.41039671682626,638.0267214799588,438.3036935704514,815.6217882836588
98f0cec6-98ac-4895-a221-ee78b8c31d50.jpg,1200,1600,Jack Link's Teriyaki Beef Jerky 1.25oz,303.69357045143636,813.9773895169579,441.5868673050615,1042.5488180883865
c3bdb519-ec8f-4060-8e5b-3de65b034491.jpg,1600,1200,Jack Link's Teriyaki Beef Jerky 1.25oz,361.1491108071136,209.83606557377053,836.1149110807114,684.1530054644809
73181a5a-7b0b-45d5-a7a3-6c9896b38652.jpg,1200,1600,Jack Link's Teriyaki Beef Jerky 1.25oz,325.0341997264022,442.34326824254885,467.85225718194255,654.4707091469681
f5136769-bb64-4e47-a799-d18f47df9dbe.jpg,1200,1600,Jack Link's Teriyaki Beef Jerky 1.25oz,318.46785225718196,333.8129496402878,469.4938440492476,521.2744090441932
15be29d0-9692-493b-97a3-4f4adbb6443d.jpg,1200,1600,Jack Link's Teriyaki Beef Jerky 1.25oz,277.4281805745554,156.21788283658788,467.8522571819426,371.63412127440904
4310f062-762d-4c7b-9543-f14d2d248bc2.jpg,1200,1600,Jack Link's Teriyaki Beef Jerky 1.25oz,211.76470588235296,427.5436793422405,393.98084815321477,601.8499486125386
9ff2e5cb-7eff-4cca-8df4-a10a37f0c58f.jpg,1960,4032,Jack Link's Teriyaki Beef Jerky 1.25oz,337.8385772913817,1600.9806795469685,713.2147742818058,2097.929380413058
dd15a850-882b-4740-95dc-ceff54748e7c.jpg,1960,4032,Jack Link's Teriyaki Beef Jerky 1.25oz,600.6019151846785,1165.8147901399068,935.7592339261284,1493.5323117921384
9ff2e5cb-7eff-4cca-8df4-a10a37f0c58f.jpg,1960,4032,Jack Link's Teriyaki Beef Jerky 1.25oz,284.21340629274965,2073.7534976682214,630.0957592339262,2570.7021985343104
4ee6719c-8d9f-48e1-927f-613e6707b5d8.jpg,1200,1600,Jack Link's Teriyaki Beef Jerky 1.25oz,416.96306429548565,440.6988694758479,605.7455540355677,652.8263103802672
4ee6719c-8d9f-48e1-927f-613e6707b5d8.jpg,1200,1600,Jack Link's Teriyaki Beef Jerky 1.25oz,328.3173734610123,87.15313463514902,623.8030095759234,323.9465570400822
8f09de38-16d7-44a3-89ae-6ff7af6359ad.jpg,1200,1600,Jack Link's Teriyaki Beef Jerky 1.25oz,1.6415868673050615,82.21993833504625,259.3707250341997,374.9229188078109
58b1cb32-b42d-481d-9378-99b58ff803eb.jpg,1200,1600,Jack Link's Teriyaki Beef Jerky 1.25oz,88.64569083447333,13.1551901336074,346.374829001368,300.9249743062693
b05e6dd6-b292-4e02-9ce7-3173331e9dfe.jpg,1600,1200,Jack Link's Teriyaki Beef Jerky 1.25oz,251.70998632010946,257.92349726775956,393.98084815321477,430.6010928961748
b05e6dd6-b292-4e02-9ce7-3173331e9dfe.jpg,1600,1200,Jack Link's Teriyaki Beef Jerky 1.25oz,271.4090287277702,450.27322404371586,420.24623803009575,614.2076502732241
b05e6dd6-b292-4e02-9ce7-3173331e9dfe.jpg,1600,1200,Jack Link's Teriyaki Beef Jerky 1.25oz,286.73050615595076,622.9508196721312,424.62380300957597,815.3005464480874
b05e6dd6-b292-4e02-9ce7-3173331e9dfe.jpg,1600,1200,Jack Link's Teriyaki Beef Jerky 1.25oz,223.25581395348837,50.27322404371585,383.0369357045144,244.80874316939892
a54e7e26-b383-4a0b-8132-81d9d669e07b.jpg,3024,4032,Jack Link's Teriyaki Beef Jerky 1.25oz,16.54719562243502,791.482014388489,442.6374829001368,1421.3525179856115
a54e7e26-b383-4a0b-8132-81d9d669e07b.jpg,3024,4032,Jack Link's Teriyaki Beef Jerky 1.25oz,4.136798905608755,1533.2374100719426,479.86867305061566,2001.4964028776978
6fa40b3b-4606-4993-9241-48c6303a450a.jpg,3024,4032,Jack Link's Teriyaki Beef Jerky 1.25oz,881.1381668946648,530.4172661870504,1431.3324213406293,1197.5827338129498
6fa40b3b-4606-4993-9241-48c6303a450a.jpg,3024,4032,Jack Link's Teriyaki Beef Jerky 1.25oz,959.7373461012312,1284.6043165467624,1381.6908344733242,1757.007194244604
68b0e956-34d8-4656-9dcd-6d27a8139e73.jpg,1200,1600,Jack Link's Teriyaki Beef Jerky 1.25oz,221.6142270861833,498.2528263103803,392.33926128590974,707.0914696813977
fc556eb3-5ef1-4502-93e6-964a40ed75db.jpg,1200,1600,Jack Link's Teriyaki Beef Jerky 1.25oz,820.7934336525308,633.0935251798561,1085.0889192886455,942.2404933196301
6537e128-fd60-4556-942c-76f1a6b4f12a.jpg,1200,1600,Jack Link's Teriyaki Beef Jerky 1.25oz,574.5554035567717,249.9486125385406,809.3023255813954,534.4295991778006
6537e128-fd60-4556-942c-76f1a6b4f12a.jpg,1200,1600,Jack Link's Teriyaki Beef Jerky 1.25oz,116.55266757865937,307.502569373073,428.45417236662104,611.7163412127442
b9f24efe-103d-4d7f-acb4-547d83194b0e.jpg,1200,1600,Jack Link's Teriyaki Beef Jerky 1.25oz,234.7469220246238,394.655704008222,469.4938440492476,657.75950668037
b9f24efe-103d-4d7f-acb4-547d83194b0e.jpg,1200,1600,Jack Link's Teriyaki Beef Jerky 1.25oz,415.32147742818046,730.1130524152107,653.3515731874145,901.1305241521068
650af30b-45a8-4ec8-ad9f-3ea9c9e41e3f.jpg,1200,1600,Jack Link's Teriyaki Beef Jerky 1.25oz,62.38030095759234,34.53237410071942,385.77291381668954,360.1233299075026
650af30b-45a8-4ec8-ad9f-3ea9c9e41e3f.jpg,1200,1600,Jack Link's Teriyaki Beef Jerky 1.25oz,630.3693570451436,552.5179856115108,866.7578659370724,749.8458376156218
650af30b-45a8-4ec8-ad9f-3ea9c9e41e3f.jpg,1200,1600,Jack Link's Teriyaki Beef Jerky 1.25oz,352.94117647058823,851.7985611510792,589.329685362517,1073.792394655704
d619d14c-bbda-47e5-adb5-183247f76f6c.jpg,1200,1600,Jack Link's Teriyaki Beef Jerky 1.25oz,42.6812585499316,50.976361767728676,387.4145006839945,373.27852004110997
d619d14c-bbda-47e5-adb5-183247f76f6c.jpg,1200,1600,Jack Link's Teriyaki Beef Jerky 1.25oz,948.8372093023255,85.5087358684481,1195.0752393980847,412.74409044193214
d619d14c-bbda-47e5-adb5-183247f76f6c.jpg,1200,1600,Jack Link's Teriyaki Beef Jerky 1.25oz,113.26949384404925,580.4727646454265,449.7948016415869,817.2661870503598
d619d14c-bbda-47e5-adb5-183247f76f6c.jpg,1200,1600,Jack Link's Teriyaki Beef Jerky 1.25oz,421.8878248974009,934.0184994861254,702.5991792065664,1114.9023638232272
323dd85e-d995-4037-8c94-ed941642d6d9.jpg,1200,1600,Jack Link's Teriyaki Beef Jerky 1.25oz,293.84404924760605,794.2446043165468,500.68399452804374,986.6392600205551
82696f6c-9f99-4ca7-a29f-c8e1f2dbb322.jpg,1200,1600,Jack Link's Teriyaki Beef Jerky 1.25oz,8.207934336525307,111.81911613566288,132.96853625171,378.21171634121265
85c11523-c7de-4911-8b1b-18a161ca2350.jpg,1200,1600,Jack Link's Teriyaki Beef Jerky 1.25oz,4.924760601915184,496.6084275436794,113.26949384404926,669.2702980472765
85c11523-c7de-4911-8b1b-18a161ca2350.jpg,1200,1600,Jack Link's Teriyaki Beef Jerky 1.25oz,346.374829001368,684.0698869475848,464.56908344733245,815.6217882836588
5835a796-4896-4e0c-bda8-22ceed7f82bb.jpg,1200,1600,Jack Link's Teriyaki Beef Jerky 1.25oz,45.96443228454172,3.28879753340185,398.90560875512995,406.1664953751285
5835a796-4896-4e0c-bda8-22ceed7f82bb.jpg,1200,1600,Jack Link's Teriyaki Beef Jerky 1.25oz,911.0807113543093,485.0976361767729,1175.3761969904242,764.6454265159301
86928168-bf6c-44d2-929a-57072d6f492b.jpg,1200,1600,Jack Link's Teriyaki Beef Jerky 1.25oz,34.47332421340629,115.10791366906474,292.202462380301,381.5005138746145
86928168-bf6c-44d2-929a-57072d6f492b.jpg,1200,1600,Jack Link's Teriyaki Beef Jerky 1.25oz,105.06155950752394,963.617677286742,359.5075239398085,1129.7019527235354
cd4a2903-8108-4317-87c1-28f6d447b604.jpg,1200,1600,Jack Link's Teriyaki Beef Jerky 1.25oz,50.88919288645691,537.7183967112024,169.08344733242137,672.5590955806783
118f4943-5c38-4903-b7ca-3326996e117b.jpg,1200,1600,Jack Link's Teriyaki Beef Jerky 1.25oz,91.92886456908344,268.0369989722508,594.2544459644323,707.0914696813977
118f4943-5c38-4903-b7ca-3326996e117b.jpg,1200,1600,Jack Link's Teriyaki Beef Jerky 1.25oz,208.48153214774283,994.8612538540596,572.9138166894664,1287.5642343268244
cf52399a-ee8a-4571-9d90-327aa83b93d8.jpg,1960,4032,Jack Link's Teriyaki Beef Jerky 1.25oz,56.306429548563614,1447.8667554963356,463.85772913816686,1982.4223850766155
cf52399a-ee8a-4571-9d90-327aa83b93d8.jpg,1960,4032,Jack Link's Teriyaki Beef Jerky 1.25oz,474.5827633378933,1426.3770819453698,815.1025991792065,1977.049966688874
cf52399a-ee8a-4571-9d90-327aa83b93d8.jpg,1960,4032,Jack Link's Teriyaki Beef Jerky 1.25oz,18.768809849521205,2001.2258494337107,442.4076607387142,2551.8987341772154
052e634f-710a-4cd4-99e6-f33cbd957eb2.jpg,1960,4032,Jack Link's Teriyaki Beef Jerky 1.25oz,646.1833105335157,1337.732178547635,927.7154582763338,1700.3704197201864
e34e947e-c5c0-4d05-88f0-9d2221676020.jpg,1960,4032,Jack Link's Teriyaki Beef Jerky 1.25oz,619.3707250341997,1071.7974683544303,1128.809849521204,1818.5636242504997
caa43d9b-0e70-44d2-b987-44281f9495bf.jpg,1960,4032,Jack Link's Teriyaki Beef Jerky 1.25oz,265.4445964432285,1447.8667554963356,608.6456908344733,1979.7361758827446
caa43d9b-0e70-44d2-b987-44281f9495bf.jpg,1960,4032,Jack Link's Teriyaki Beef Jerky 1.25oz,83.11901504787961,2030.774150566289,552.3392612859097,2565.3297801465687
caa43d9b-0e70-44d2-b987-44281f9495bf.jpg,1960,4032,Jack Link's Teriyaki Beef Jerky 1.25oz,13.406292749658,1474.7288474350432,241.31326949384405,1998.53964023984
13c6cd98-e199-4efa-b406-0f0df002b912.jpg,1960,4032,Jack Link's Teriyaki Beef Jerky 1.25oz,18.768809849521205,636.6315789473684,576.470588235294,1340.4183877415057
f1b8da03-5816-4264-b928-d79bff8fb41a.jpg,1200,1600,Jack Link's Teriyaki Beef Jerky 1.25oz,132,240,300,464
9b2fd7fd-616e-4b35-af72-73a56697ec8c.jpg,1200,1600,Jack Link's Teriyaki Beef Jerky 1.25oz,333.2421340629275,368.34532374100723,474.41860465116275,514.6968139773895
f12198cc-01d0-4a65-b15e-aa4130c27c19.jpg,1600,1200,Jack Link's Teriyaki Beef Jerky 1.25oz,844.8700410396716,281.9672131147541,1276.0601915184677,990.1639344262296
330bb07b-0670-41de-aa74-1a843408009c.jpg,1200,1600,Jack Link's Teriyaki Beef Jerky 1.25oz,454.719562243502,526.207605344296,577.8385772913817,651.1819116135663
61a502ae-a578-48b5-aa52-544e5c598102.jpg,1200,1600,Jack Link's Teriyaki Beef Jerky 1.25oz,372.64021887824896,596.9167523124357,489.19288645690835,758.0678314491264
61a502ae-a578-48b5-aa52-544e5c598102.jpg,1200,1600,Jack Link's Teriyaki Beef Jerky 1.25oz,389.0560875512996,764.6454265159301,518.7414500683994,943.884892086331
5201191e-084c-4f49-a376-8644e1bbce13.jpg,1200,1600,Jack Link's Teriyaki Beef Jerky 1.25oz,362.7906976744186,381.50051387461457,610.670314637483,636.382322713258
49066922-0062-47b8-ad03-3c368526f0e5.jpg,1200,1600,Jack Link's Teriyaki Beef Jerky 1.25oz,111.62790697674419,90.44193216855088,329.9589603283174,340.39054470709146
821fb219-59d2-45ac-a9e8-c1b65a2f7605.jpg,1200,1600,Jack Link's Teriyaki Beef Jerky 1.25oz,426.812585499316,564.0287769784172,622.1614227086184,702.158273381295
f7f31487-be9a-4b1d-9bad-4d45046a8931.jpg,1600,1200,Jack Link's Teriyaki Beef Jerky 1.25oz,396.16963064295487,257.92349726775956,549.3844049247606,437.15846994535514
845facfc-69ac-4f96-adff-ad56fad86f5d.jpg,1200,1600,Jack Link's Teriyaki Beef Jerky 1.25oz,252.8043775649795,407.8108941418294,412.03830369357047,582.1171634121274
845facfc-69ac-4f96-adff-ad56fad86f5d.jpg,1200,1600,Jack Link's Teriyaki Beef Jerky 1.25oz,279.06976744186045,611.7163412127442,430.0957592339262,781.0894141829394
65f5cfb4-4c1a-423a-a12d-ae1213b997ab.jpg,1200,1600,Jack Link's Teriyaki Beef Jerky 1.25oz,246.23803009575923,374.9229188078109,444.8700410396717,588.6947584789311
e3de48f0-4107-481b-b721-83b74717bb9a.jpg,1200,1600,Jack Link's Teriyaki Beef Jerky 1.25oz,756.7715458276333,522.9188078108941,934.06292749658,718.6022610483042
9cec0282-5d54-48e4-ac8d-5a716b999bc2.jpg,1200,1600,Jack Link's Teriyaki Beef Jerky 1.25oz,134.61012311901504,499.8972250770812,390.69767441860466,716.9578622816033
1912502d-4449-4e0d-b438-967abce03303.jpg,1200,1600,Jack Link's Teriyaki Beef Jerky 1.25oz,510.5335157318742,891.2641315519013,622.1614227086184,998.1500513874614
1912502d-4449-4e0d-b438-967abce03303.jpg,1200,1600,Jack Link's Teriyaki Beef Jerky 1.25oz,630.3693570451436,1080.3699897225076,763.3378932968536,1205.344295991778
1912502d-4449-4e0d-b438-967abce03303.jpg,1200,1600,Jack Link's Teriyaki Beef Jerky 1.25oz,499.0424076607387,1096.8139773895168,633.6525307797538,1215.2106885919834
1cc982ef-f861-4c6a-9ae3-66dcd8b394b2.jpg,1600,1200,Jack Link's Teriyaki Beef Jerky 1.25oz,374.28180574555404,203.27868852459017,698.2216142270862,528.9617486338798
c90e3a58-faa0-4582-b30d-dcbe9b168d15.jpg,1600,1200,Jack Link's Teriyaki Beef Jerky 1.25oz,328.3173734610123,192.34972677595627,654.4459644322845,561.7486338797814
822520ed-7020-4c37-b6b3-45f687360629.jpg,1600,1200,Jack Link's Teriyaki Beef Jerky 1.25oz,429.00136798905606,203.27868852459017,728.8645690834473,550.8196721311475
b363f664-7cf0-44b3-9232-f6f96604390f.jpg,1200,1600,Jack Link's Teriyaki Beef Jerky 1.25oz,730.5061559507524,565.6731757451181,950.4787961696306,797.5334018499486
b363f664-7cf0-44b3-9232-f6f96604390f.jpg,1200,1600,Jack Link's Teriyaki Beef Jerky 1.25oz,904.514363885089,544.2959917780062,1119.562243502052,776.1562178828366
b363f664-7cf0-44b3-9232-f6f96604390f.jpg,1200,1600,Jack Link's Teriyaki Beef Jerky 1.25oz,710.8071135430916,971.8396711202466,914.3638850889192,1098.458376156218
b363f664-7cf0-44b3-9232-f6f96604390f.jpg,1200,1600,Jack Link's Teriyaki Beef Jerky 1.25oz,881.5321477428181,906.0637204522097,1076.8809849521203,1098.458376156218
b363f664-7cf0-44b3-9232-f6f96604390f.jpg,1200,1600,Jack Link's Teriyaki Beef Jerky 1.25oz,870.0410396716826,1206.988694758479,1060.4651162790697,1379.650565262076
f21541f9-ed47-46ad-aa76-49e962b71225.jpg,1200,1600,Jack Link's Teriyaki Beef Jerky 1.25oz,403.83036935704513,55.90955806783144,633.6525307797538,383.1449126413155
fbe7ae93-bc1c-4702-a2ef-3f89febf9c19.jpg,1200,1600,Jack Link's Teriyaki Beef Jerky 1.25oz,216.6894664842681,194.03905447070915,389.0560875512996,394.655704008222
7d685bc4-9076-4425-baa2-362cdcfb41a0.jpg,1200,1600,Jack Link's Teriyaki Beef Jerky 1.25oz,175.6497948016416,4.933196300102774,418.6046511627907,190.75025693730728
be08ee14-6198-4925-8f0f-5d446036a2f6.jpg,1960,4032,Jack Link's Teriyaki Beef Jerky 1.25oz,530.889192886457,676.9247168554297,1040.3283173734612,1316.2425049966687
94bfcdac-99aa-4c96-95fb-69bfb9a15558.jpg,1960,4032,Jack Link's Teriyaki Beef Jerky 1.25oz,858.002735978112,1316.242504996669,1203.8850889192886,1729.9187208527646
97737121-f275-4367-86d5-d5a51823c56e.jpg,1200,1600,Jack Link's Teriyaki Beef Jerky 1.25oz,589.329685362517,499.8972250770812,745.2804377564979,679.136690647482
f496b341-0cfa-4410-bd1e-9b9831dec0a9.jpg,1200,1600,Jack Link's Teriyaki Beef Jerky 1.25oz,433.3789329685362,481.808838643371,589.329685362517,661.0483042137719
37c8a6d0-feb6-4126-a16b-7d1e18e189dc.jpg,1200,1600,Jack Link's Teriyaki Beef Jerky 1.25oz,372.64021887824896,439.054470709147,635.2941176470588,697.2250770811921
6d26f525-263d-4d5a-aedb-7f3c94ff9129.jpg,1200,1600,Jack Link's Teriyaki Beef Jerky 1.25oz,366.07387140902875,379.85611510791364,503.9671682626539,509.76361767728673
841db80a-3ef1-4b2f-9a27-dcd801ee48ac.jpg,1600,1200,Jack Link's Teriyaki Beef Jerky 1.25oz,168.53625170998632,524.5901639344262,291.1080711354309,688.5245901639344
841db80a-3ef1-4b2f-9a27-dcd801ee48ac.jpg,1600,1200,Jack Link's Teriyaki Beef Jerky 1.25oz,669.7674418604652,354.0983606557377,844.8700410396716,550.8196721311475
841db80a-3ef1-4b2f-9a27-dcd801ee48ac.jpg,1600,1200,Jack Link's Teriyaki Beef Jerky 1.25oz,818.6046511627908,629.5081967213115,980.5745554035568,808.7431693989071
c7b8d0b2-58ad-49bb-bbbd-2a5a4abf8955.jpg,1200,1600,Jack Link's Teriyaki Beef Jerky 1.25oz,479.3433652530779,700.513874614594,689.4664842681259,914.2857142857142
e3650728-0025-4203-a331-d07f5ceec7d8.jpg,1200,1600,Jack Link's Teriyaki Beef Jerky 1.25oz,334.8837209302325,580.4727646454265,574.5554035567716,800.8221993833505
d134107c-d615-4e6d-b5b1-c4b13bb60227.jpg,1960,4032,Jack Link's Teriyaki Beef Jerky 1.25oz,311.02599179206567,1369.9666888740837,723.9398084815322,1807.8187874750165
d134107c-d615-4e6d-b5b1-c4b13bb60227.jpg,1960,4032,Jack Link's Teriyaki Beef Jerky 1.25oz,418.27633378932967,1783.64290473018,788.2900136798905,2216.1225849433713
52628133-9692-44d9-acdd-2645a0de0293.jpg,1960,4032,Jack Link's Teriyaki Beef Jerky 1.25oz,166.23803009575923,2551.8987341772154,571.1080711354309,3073.0233177881414
52628133-9692-44d9-acdd-2645a0de0293.jpg,1960,4032,Jack Link's Teriyaki Beef Jerky 1.25oz,206.45690834473325,3040.788807461692,635.4582763337893,3548.482345103265
07467759-2dbf-4f83-9f9f-7fda8cad7d2d.jpg,1600,1200,Jack Link's Teriyaki Beef Jerky 1.25oz,297.6744186046512,316.9398907103825,378.6593707250342,448.0874316939891
a231755e-a761-4cf4-929d-27f2349a6424.jpg,1960,4032,Jack Link's Teriyaki Beef Jerky 1.25oz,8.043775649794801,873.0179880079946,466.5389876880985,1308.1838774150565
07467759-2dbf-4f83-9f9f-7fda8cad7d2d.jpg,1600,1200,Jack Link's Teriyaki Beef Jerky 1.25oz,308.6183310533516,445.9016393442623,398.3584131326949,603.2786885245902
c80051a2-a894-4f6e-a67e-66304014f426.jpg,1200,1600,Jack Link's Teriyaki Beef Jerky 1.25oz,154.3091655266758,388.0781089414183,341.4500683994528,624.8715313463515
c80051a2-a894-4f6e-a67e-66304014f426.jpg,1200,1600,Jack Link's Teriyaki Beef Jerky 1.25oz,167.44186046511626,623.2271325796505,338.1668946648427,904.4193216855086
c80051a2-a894-4f6e-a67e-66304014f426.jpg,1200,1600,Jack Link's Teriyaki Beef Jerky 1.25oz,160.87551299589603,861.6649537512848,315.18467852257186,1083.6587872559096
62f72b21-af45-43a8-a781-17e5a1d24def.jpg,1200,1600,Jack Link's Teriyaki Beef Jerky 1.25oz,344.73324213406295,619.9383350462488,559.781121751026,822.1993833504624
62f72b21-af45-43a8-a781-17e5a1d24def.jpg,1200,1600,Jack Link's Teriyaki Beef Jerky 1.25oz,551.5731874145007,615.005138746146,746.9220246238029,838.6433710174717
c95ccb34-42b2-4d47-9512-c2b0097d4e2d.jpg,1200,1600,Jack Link's Teriyaki Beef Jerky 1.25oz,302.05198358413134,624.8715313463515,448.15321477428176,782.7338129496403
c95ccb34-42b2-4d47-9512-c2b0097d4e2d.jpg,1200,1600,Jack Link's Teriyaki Beef Jerky 1.25oz,458.0027359781122,631.4491264131551,587.6880984952121,802.4665981500514
3e3f172e-923b-4ed9-9fae-7c342edd1191.jpg,1200,1600,Jack Link's Teriyaki Beef Jerky 1.25oz,275.78659370725035,144.7070914696814,430.0957592339262,307.502569373073
a3a74d49-325e-47c7-bd06-d161e11ad5a3.jpg,1960,4032,Jack Link's Teriyaki Beef Jerky 1.25oz,8.043775649794801,1533.8254497002,364.6511627906977,1968.9913391072619
40aaedb3-b5c7-432f-b47c-c6f7cf7e3f67.jpg,1200,1600,Jack Link's Teriyaki Beef Jerky 1.25oz,229.8221614227086,351.9013360739979,512.1751025991791,644.6043165467626
fbca9d96-4e6f-47e9-940c-49a220cdc4b4.jpg,1600,1200,Jack Link's Teriyaki Beef Jerky 1.25oz,21.88782489740082,183.60655737704917,354.5827633378933,520.2185792349727
b508c4c7-f5e7-44b8-aac6-5e9bb402f4fe.jpg,1200,1600,Jack Link's Teriyaki Beef Jerky 1.25oz,449.79480164158696,498.2528263103803,704.2407660738713,820.5549845837617
ba013fe1-cced-4b4b-9382-c5a9704e74d6.jpg,1200,1600,Jack Link's Teriyaki Beef Jerky 1.25oz,157.5923392612859,544.2959917780062,354.5827633378933,761.3566289825283
223dbe2d-0c09-413c-909e-bc6e54cf8507.jpg,1200,1600,Jack Link's Teriyaki Beef Jerky 1.25oz,362.7906976744186,585.4059609455293,558.1395348837209,786.0226104830422
cfb0d3a8-719e-4f4c-aa03-6f56c3930811.jpg,1200,1600,Jack Link's Teriyaki Beef Jerky 1.25oz,497.40082079343364,383.1449126413155,722.298221614227,646.2487153134635
11957daf-4d3d-459f-85f1-ab8954b99183.jpg,1200,1600,Jack Link's Teriyaki Beef Jerky 1.25oz,32.83173734610123,47.68756423432682,290.56087551299595,342.0349434737924
1ce2d6fd-0f17-401a-ac2a-dc6c706f5699.jpg,1200,1600,Jack Link's Teriyaki Beef Jerky 1.25oz,285.63611491108077,591.983556012333,431.73734610123125,790.9558067831449
1ce2d6fd-0f17-401a-ac2a-dc6c706f5699.jpg,1200,1600,Jack Link's Teriyaki Beef Jerky 1.25oz,310.2599179206566,772.8674203494347,449.7948016415869,986.6392600205551
5b0ee168-eb70-4a55-8784-b70ff9068c21.jpg,1200,1600,Jack Link's Teriyaki Beef Jerky 1.25oz,177.29138166894666,111.81911613566288,398.90560875513,327.2353545734841
48852f0f-9e7b-45e9-9907-9e50524a185c.jpg,1960,4032,Jack Link's Teriyaki Beef Jerky 1.25oz,316.38850889192884,1036.8767488341107,675.6771545827634,1595.6082611592274
48852f0f-9e7b-45e9-9907-9e50524a185c.jpg,1960,4032,Jack Link's Teriyaki Beef Jerky 1.25oz,343.20109439124485,1544.570286475683,731.9835841313268,2079.125916055963
4fd8fe8b-0be1-4e06-a3cb-8b59ac263dd6.jpg,1960,4032,Jack Link's Teriyaki Beef Jerky 1.25oz,5.362517099863201,526.4970019986675,487.9890560875513,1206.1079280479682
51789d5e-81dc-4f83-bc91-487e60d00305.jpg,1960,4032,Jack Link's Teriyaki Beef Jerky 1.25oz,364.6511627906977,711.8454363757495,740.0273597811217,1120.149233844104
3dadd2dd-2a7c-49e6-bd0a-f213a83a7cb8.jpg,1600,1200,Jack Link's Teriyaki Beef Jerky 1.25oz,129.13816689466483,131.14754098360655,387.41450068399456,456.83060109289613
ac6b943a-9f63-49d6-af1c-c9fbd594b2bf.jpg,1600,1200,Jack Link's Teriyaki Beef Jerky 1.25oz,210.12311901504788,30.601092896174865,492.4760601915185,308.1967213114754
1305e583-7f9d-4211-a289-7c72e5b7291d.jpg,1200,1600,Jack Link's Teriyaki Beef Jerky 1.25oz,233.10533515731873,560.7399794450155,384.1313269493844,792.6002055498459
1305e583-7f9d-4211-a289-7c72e5b7291d.jpg,1200,1600,Jack Link's Teriyaki Beef Jerky 1.25oz,238.03009575923394,810.6885919835561,403.83036935704513,1045.8376156217882
0f308e81-7aee-41bf-ae4f-25f82584e15f.jpg,1200,1600,Jack Link's Teriyaki Beef Jerky 1.25oz,180.57455540355676,802.4665981500514,262.6538987688098,957.0400822199383
0f308e81-7aee-41bf-ae4f-25f82584e15f.jpg,1200,1600,Jack Link's Teriyaki Beef Jerky 1.25oz,175.6497948016416,942.2404933196301,275.78659370725035,1098.458376156218
a7b0c08e-ed8b-40e3-a413-b60b7344a682.jpg,1200,1600,Jack Link's Teriyaki Beef Jerky 1.25oz,139.53488372093022,90.44193216855088,344.73324213406295,282.83658787255905
27689b85-7d25-4fd8-83da-087d628403c0.jpg,2160,2160,Jack Link's Teriyaki Beef Jerky 1.25oz,703.2558139534884,797.8112175102599,939.6443228454173,1134.6648426812585
27689b85-7d25-4fd8-83da-087d628403c0.jpg,2160,2160,Jack Link's Teriyaki Beef Jerky 1.25oz,706.2106703146375,1155.3488372093022,933.7346101231188,1515.8413132694939
c90857f3-8cbe-40ae-9bfa-6c855e889929.jpg,2160,2160,Jack Link's Teriyaki Beef Jerky 1.25oz,121.14911080711354,174.33652530779753,593.9261285909712,576.1969904240766
d17a91ff-d2d4-4d3e-b4eb-da42b371df5d.jpg,2160,2160,Jack Link's Teriyaki Beef Jerky 1.25oz,11.819425444596444,91.60054719562244,588.016415868673,590.9712722298221
ac704276-05e7-4e30-9329-f505d41b7825.jpg,1200,1600,Jack Link's Teriyaki Beef Jerky 1.25oz,14.774281805745554,27.95477903391572,247.8796169630643,281.1921891058582
b16756dd-0e87-4be6-a880-862ca6539563.jpg,1200,1600,Jack Link's Teriyaki Beef Jerky 1.25oz,80.43775649794802,213.77183967112026,274.14500683994527,420.9660842754368
ccd2213c-eec0-4b49-b131-f812d21aec47.jpg,1200,1600,Jack Link's Teriyaki Beef Jerky 1.25oz,113.26949384404925,292.70298047276464,298.7688098495212,517.9856115107914
ce4e3931-3fab-4fe9-8554-71a04ccd646c.jpg,1600,1200,Jack Link's Teriyaki Beef Jerky 1.25oz,19.699042407660738,325.6830601092896,240.76607387140905,566.120218579235
77b17812-cd79-499e-9bd4-0306697f45eb.jpg,1200,1600,Jack Link's Teriyaki Beef Jerky 1.25oz,62.38030095759234,348.61253854059606,306.9767441860465,628.1603288797533
6b2926f6-f36e-4531-8fb1-536221406a6e.jpg,1200,1600,Jack Link's Teriyaki Beef Jerky 1.25oz,3.283173734610123,3.28879753340185,165.80027359781124,302.5693730729702
bd572837-a910-4711-81f9-fc0699a3c23a.jpg,1200,1600,Jack Link's Teriyaki Beef Jerky 1.25oz,428.45417236662104,598.5611510791367,587.688098495212,753.1346351490237
951780b6-34bf-4512-a757-9fb5fe3fe52e.jpg,1200,1600,Jack Link's Teriyaki Beef Jerky 1.25oz,251.16279069767444,708.7358684480987,369.35704514363886,901.1305241521068
450e2436-3651-4c96-80e7-928fda16123b.jpg,1200,1600,Jack Link's Teriyaki Beef Jerky 1.25oz,402.18878248974005,565.6731757451181,535.1573187414501,685.7142857142857
db5bcbd0-65c9-4721-8fb1-5a0eccebb2d5.jpg,1200,1600,Jack Link's Teriyaki Beef Jerky 1.25oz,242.95485636114915,253.23741007194243,385.77291381668954,450.5652620760534
2799f955-736d-4824-84b5-db0dce72b8b4.jpg,1200,1600,Jack Link's Teriyaki Beef Jerky 1.25oz,4.924760601915184,52.6207605344296,180.5745554035568,506.47482014388487
2a70925a-076f-4922-bebf-df70c1d2f405.jpg,1200,1600,Jack Link's Teriyaki Beef Jerky 1.25oz,123.11901504787961,465.36485097636177,334.8837209302326,689.0030832476875
efd6df35-3012-4a7d-a8bc-75d8111cdcae.jpg,1600,1200,Jack Link's Teriyaki Beef Jerky 1.25oz,704.7879616963064,242.62295081967216,812.0383036935705,389.07103825136613
efd6df35-3012-4a7d-a8bc-75d8111cdcae.jpg,1600,1200,Jack Link's Teriyaki Beef Jerky 1.25oz,783.5841313269494,240.43715846994533,908.344733242134,380.327868852459
efd6df35-3012-4a7d-a8bc-75d8111cdcae.jpg,1600,1200,Jack Link's Teriyaki Beef Jerky 1.25oz,1035.2941176470588,229.50819672131146,1149.1108071135432,389.07103825136613
efd6df35-3012-4a7d-a8bc-75d8111cdcae.jpg,1600,1200,Jack Link's Teriyaki Beef Jerky 1.25oz,1131.6005471956223,205.46448087431693,1291.3816689466485,393.44262295081955
efd6df35-3012-4a7d-a8bc-75d8111cdcae.jpg,1600,1200,Jack Link's Teriyaki Beef Jerky 1.25oz,696.0328317373461,421.85792349726773,794.5280437756498,544.2622950819672
efd6df35-3012-4a7d-a8bc-75d8111cdcae.jpg,1600,1200,Jack Link's Teriyaki Beef Jerky 1.25oz,1111.9015047879618,441.53005464480873,1280.4377564979482,587.9781420765028
efd6df35-3012-4a7d-a8bc-75d8111cdcae.jpg,1600,1200,Jack Link's Teriyaki Beef Jerky 1.25oz,682.9001367989056,566.120218579235,803.28317373461,710.3825136612022
4b2e2382-c943-4d34-a855-fd586869ccc4.jpg,1600,1200,Jack Link's Teriyaki Beef Jerky 1.25oz,1256.3611491108072,367.21311475409834,1438.030095759234,585.7923497267759
4b2e2382-c943-4d34-a855-fd586869ccc4.jpg,1600,1200,Jack Link's Teriyaki Beef Jerky 1.25oz,1195.0752393980847,1022.950819672131,1376.7441860465117,1195.6284153005463
efd6df35-3012-4a7d-a8bc-75d8111cdcae.jpg,1600,1200,Jack Link's Teriyaki Beef Jerky 1.25oz,777.0177838577291,404.37158469945354,899.5896032831738,553.0054644808743
efd6df35-3012-4a7d-a8bc-75d8111cdcae.jpg,1600,1200,Jack Link's Teriyaki Beef Jerky 1.25oz,759.5075239398085,566.120218579235,908.344733242134,725.6830601092896
efd6df35-3012-4a7d-a8bc-75d8111cdcae.jpg,1600,1200,Jack Link's Teriyaki Beef Jerky 1.25oz,989.3296853625171,760.6557377049181,1140.3556771545827,935.5191256830603
4b2e2382-c943-4d34-a855-fd586869ccc4.jpg,1600,1200,Jack Link's Teriyaki Beef Jerky 1.25oz,1199.4528043775651,832.7868852459017,1374.5554035567716,996.7213114754098
efd6df35-3012-4a7d-a8bc-75d8111cdcae.jpg,1600,1200,Jack Link's Teriyaki Beef Jerky 1.25oz,1019.9726402188782,434.9726775956284,1131.6005471956223,577.0491803278687
efd6df35-3012-4a7d-a8bc-75d8111cdcae.jpg,1600,1200,Jack Link's Teriyaki Beef Jerky 1.25oz,1107.5239398084814,607.6502732240436,1273.8714090287278,778.1420765027323
efd6df35-3012-4a7d-a8bc-75d8111cdcae.jpg,1600,1200,Jack Link's Teriyaki Beef Jerky 1.25oz,998.0848153214774,587.9781420765026,1149.1108071135432,745.3551912568305
4b2e2382-c943-4d34-a855-fd586869ccc4.jpg,1600,1200,Jack Link's Teriyaki Beef Jerky 1.25oz,1332.96853625171,845.9016393442623,1514.6374829001368,1005.4644808743169
4edc09cd-99b7-4b77-b63c-92c778aaf1e0.jpg,1200,1600,Jack Link's Teriyaki Beef Jerky 1.25oz,206.83994528043775,1024.4604316546763,367.7154582763338,1175.7451181911615
4edc09cd-99b7-4b77-b63c-92c778aaf1e0.jpg,1200,1600,Jack Link's Teriyaki Beef Jerky 1.25oz,95.21203830369357,1060.6372045220967,254.44596443228454,1197.1223021582734
4edc09cd-99b7-4b77-b63c-92c778aaf1e0.jpg,1200,1600,Jack Link's Teriyaki Beef Jerky 1.25oz,114.9110807113543,1233.2990750256938,297.12722298221615,1399.3833504624872
4edc09cd-99b7-4b77-b63c-92c778aaf1e0.jpg,1200,1600,Jack Link's Teriyaki Beef Jerky 1.25oz,530.232558139535,929.0853031860227,656.6347469220248,1063.9260020554984
64260557-9e2b-4b94-87fc-c013b98c877c.jpg,1200,1600,Jack Link's Teriyaki Beef Jerky 1.25oz,229.8221614227086,504.83042137718394,343.0916552667578,624.8715313463515
64260557-9e2b-4b94-87fc-c013b98c877c.jpg,1200,1600,Jack Link's Teriyaki Beef Jerky 1.25oz,402.18878248974005,813.9773895169579,487.5512995896032,942.2404933196301
45f62398-c1a1-4f71-95fa-5ec14b6e8e8f.jpg,1600,1200,Jack Link's Teriyaki Beef Jerky 1.25oz,236.38850889192886,504.91803278688525,389.6032831737346,655.7377049180328
45f62398-c1a1-4f71-95fa-5ec14b6e8e8f.jpg,1600,1200,Jack Link's Teriyaki Beef Jerky 1.25oz,339.26128590971274,817.4863387978143,483.7209302325581,948.6338797814207
45f62398-c1a1-4f71-95fa-5ec14b6e8e8f.jpg,1600,1200,Jack Link's Teriyaki Beef Jerky 1.25oz,553.7619699042407,808.7431693989071,687.2777017783858,953.0054644808745
45f62398-c1a1-4f71-95fa-5ec14b6e8e8f.jpg,1600,1200,Jack Link's Teriyaki Beef Jerky 1.25oz,650.0683994528043,793.4426229508197,772.6402188782489,935.5191256830602
45f62398-c1a1-4f71-95fa-5ec14b6e8e8f.jpg,1600,1200,Jack Link's Teriyaki Beef Jerky 1.25oz,656.6347469220246,959.5628415300547,777.0177838577291,1086.3387978142077
282da24a-0ae0-4a6b-97af-35dc5103e8e0.jpg,1200,1600,Jack Link's Teriyaki Beef Jerky 1.25oz,303.69357045143636,245.01541623843784,543.3652530779752,511.40801644398766
282da24a-0ae0-4a6b-97af-35dc5103e8e0.jpg,1200,1600,Jack Link's Teriyaki Beef Jerky 1.25oz,508.8919288645691,210.4830421377184,771.5458276333791,524.5632065775951
b85d4e34-21b5-46ec-ae8c-2c44c566e369.jpg,1200,1600,Jack Link's Teriyaki Beef Jerky 1.25oz,167.44186046511626,792.6002055498459,348.0164158686731,998.1500513874614
b85d4e34-21b5-46ec-ae8c-2c44c566e369.jpg,1200,1600,Jack Link's Teriyaki Beef Jerky 1.25oz,265.93707250342,1039.2600205549845,407.1135430916553,1187.2559095580677
b85d4e34-21b5-46ec-ae8c-2c44c566e369.jpg,1200,1600,Jack Link's Teriyaki Beef Jerky 1.25oz,264.2954856361149,1223.4326824254883,436.6621067031464,1366.4953751284686
c24c5a89-d6ba-4878-a47b-d0b2f508e7e3.jpg,1200,1600,Jack Link's Teriyaki Beef Jerky 1.25oz,802.7359781121752,766.289825282631,935.7045143638851,920.863309352518
48df9ec9-befa-485f-a580-9c8a7a21cd4a.jpg,1200,1600,Jack Link's Teriyaki Beef Jerky 1.25oz,136.2517099863201,772.8674203494347,261.01231190150475,906.0637204522097
30db9033-5186-4c73-9f3f-487919edd05b.jpg,1200,1600,Jack Link's Teriyaki Beef Jerky 1.25oz,735.4309165526676,853.4429599177801,950.4787961696306,1085.3031860226106
30db9033-5186-4c73-9f3f-487919edd05b.jpg,1200,1600,Jack Link's Teriyaki Beef Jerky 1.25oz,865.1162790697674,1154.3679342240493,1021.0670314637484,1302.3638232271326
30db9033-5186-4c73-9f3f-487919edd05b.jpg,1200,1600,Jack Link's Teriyaki Beef Jerky 1.25oz,866.7578659370724,1348.4069886947586,1070.3146374829003,1509.558067831449
30db9033-5186-4c73-9f3f-487919edd05b.jpg,1200,1600,Jack Link's Teriyaki Beef Jerky 1.25oz,416.96306429548565,748.2014388489208,579.4801641586866,968.5508735868448
30db9033-5186-4c73-9f3f-487919edd05b.jpg,1200,1600,Jack Link's Teriyaki Beef Jerky 1.25oz,338.1668946648427,961.973278520041,584.404924760602,1103.3915724563205
30db9033-5186-4c73-9f3f-487919edd05b.jpg,1200,1600,Jack Link's Teriyaki Beef Jerky 1.25oz,288.9192886456908,782.7338129496403,449.7948016415869,965.2620760534429
9985659d-2211-428a-b5b0-e73f593ea7be.jpg,1200,1600,Jack Link's Teriyaki Beef Jerky 1.25oz,279.06976744186045,822.1993833504624,480.984952120383,999.7944501541624
9985659d-2211-428a-b5b0-e73f593ea7be.jpg,1200,1600,Jack Link's Teriyaki Beef Jerky 1.25oz,628.7277701778385,774.5118191161357,812.5854993160052,1009.6608427543679
9985659d-2211-428a-b5b0-e73f593ea7be.jpg,1200,1600,Jack Link's Teriyaki Beef Jerky 1.25oz,783.0369357045145,786.0226104830422,955.4035567715459,1001.4388489208633
9985659d-2211-428a-b5b0-e73f593ea7be.jpg,1200,1600,Jack Link's Teriyaki Beef Jerky 1.25oz,306.9767441860465,1029.393627954779,494.1176470588235,1183.967112024666
9985659d-2211-428a-b5b0-e73f593ea7be.jpg,1200,1600,Jack Link's Teriyaki Beef Jerky 1.25oz,686.1833105335157,1027.749229188078,810.9439124487005,1187.2559095580677
9985659d-2211-428a-b5b0-e73f593ea7be.jpg,1200,1600,Jack Link's Teriyaki Beef Jerky 1.25oz,786.3201094391244,1006.3720452209661,948.8372093023256,1174.1007194244605
9985659d-2211-428a-b5b0-e73f593ea7be.jpg,1200,1600,Jack Link's Teriyaki Beef Jerky 1.25oz,257.7291381668947,1223.4326824254883,402.1887824897401,1378.006166495375
9985659d-2211-428a-b5b0-e73f593ea7be.jpg,1200,1600,Jack Link's Teriyaki Beef Jerky 1.25oz,372.64021887824896,1202.0554984583762,545.0068399452804,1373.0729701952723
9985659d-2211-428a-b5b0-e73f593ea7be.jpg,1200,1600,Jack Link's Teriyaki Beef Jerky 1.25oz,653.3515731874145,1192.1891058581705,810.9439124487004,1354.9845837615624
9985659d-2211-428a-b5b0-e73f593ea7be.jpg,1200,1600,Jack Link's Teriyaki Beef Jerky 1.25oz,797.8112175102599,1174.1007194244605,960.328317373461,1359.9177800616649
35e63b97-4fd4-4c2d-90f6-19a57809a2c4.jpg,1200,1600,Jack Link's Teriyaki Beef Jerky 1.25oz,627.0861833105336,652.8263103802672,778.1121751025992,851.7985611510792
35e63b97-4fd4-4c2d-90f6-19a57809a2c4.jpg,1200,1600,Jack Link's Teriyaki Beef Jerky 1.25oz,622.1614227086184,878.108941418294,776.4705882352941,994.8612538540596
35e63b97-4fd4-4c2d-90f6-19a57809a2c4.jpg,1200,1600,Jack Link's Teriyaki Beef Jerky 1.25oz,758.4131326949384,879.7533401849948,901.2311901504787,1016.2384378211716
35e63b97-4fd4-4c2d-90f6-19a57809a2c4.jpg,1200,1600,Jack Link's Teriyaki Beef Jerky 1.25oz,618.8782489740082,1019.5272353545735,768.2626538987688,1149.4347379239466
35e63b97-4fd4-4c2d-90f6-19a57809a2c4.jpg,1200,1600,Jack Link's Teriyaki Beef Jerky 1.25oz,756.7715458276333,1017.8828365878726,899.5896032831738,1162.589928057554
35e63b97-4fd4-4c2d-90f6-19a57809a2c4.jpg,1200,1600,Jack Link's Teriyaki Beef Jerky 1.25oz,725.5813953488372,1318.8078108941418,868.3994528043777,1428.9825282631036
befaa72a-5e6d-482f-ac07-b4ce57d4847a.jpg,1600,1200,Jack Link's Teriyaki Beef Jerky 1.25oz,969.6306429548564,537.7049180327868,1322.0246238030097,819.6721311475408
4edc09cd-99b7-4b77-b63c-92c778aaf1e0.jpg,1200,1600,Jack Link's Teriyaki Beef Jerky 1.25oz,42.6812585499316,628.1603288797533,219.9726402188782,827.1325796505654
4edc09cd-99b7-4b77-b63c-92c778aaf1e0.jpg,1200,1600,Jack Link's Teriyaki Beef Jerky 1.25oz,461.28590971272234,1096.8139773895168,590.9712722298221,1239.8766700924975
4edc09cd-99b7-4b77-b63c-92c778aaf1e0.jpg,1200,1600,Jack Link's Teriyaki Beef Jerky 1.25oz,479.3433652530779,754.7790339157245,587.688098495212,929.0853031860227
0433921f-1239-473e-a249-cb4b7ddb402e.jpg,1600,1200,Jack Link's Teriyaki Beef Jerky 1.25oz,514.3638850889193,719.1256830601093,844.8700410396716,1156.2841530054645
60c5cb38-3108-43bb-a367-6b8e1fc96b4f.jpg,1200,1600,Jack Link's Teriyaki Beef Jerky 1.25oz,497.40082079343364,1086.9475847893113,686.1833105335156,1226.72147995889
b4fc10cd-a20b-47e6-9e7a-a64651e84024.jpg,1200,1600,Jack Link's Teriyaki Beef Jerky 1.25oz,150.45871559633025,840.3669724770642,326.60550458715596,1082.5688073394494
97b2709f-4c5a-465c-b133-ec4261ae9351.jpg,1200,1600,Jack Link's Teriyaki Beef Jerky 1.25oz,818.3486238532109,223.8532110091743,1080.7339449541284,667.8899082568807
184249d8-5036-4326-9ab3-438cf49658df.jpg,1200,1600,Jack Link's Teriyaki Beef Jerky 1.25oz,288.07339449541286,544.954128440367,462.3853211009175,763.302752293578
fd7b5775-185c-4e77-9764-0eb026230a34.jpg,1200,1600,Jack Link's Teriyaki Beef Jerky 1.25oz,165.1376146788991,40.36697247706422,466.0550458715596,400
fd7b5775-185c-4e77-9764-0eb026230a34.jpg,1200,1600,Jack Link's Teriyaki Beef Jerky 1.25oz,196.3302752293578,524.7706422018348,486.2385321100917,811.0091743119266
fd7b5775-185c-4e77-9764-0eb026230a34.jpg,1200,1600,Jack Link's Teriyaki Beef Jerky 1.25oz,278.89908256880733,1442.2018348623853,517.4311926605506,1596.3302752293578
b4fc10cd-a20b-47e6-9e7a-a64651e84024.jpg,1200,1600,Jack Link's Teriyaki Beef Jerky 1.25oz,104.58715596330273,561.4678899082569,324.77064220183485,805.5045871559633
9722eabb-3a18-486f-8559-12608f1ae5ec.jpg,1200,1600,Jack Link's Teriyaki Beef Jerky 1.25oz,273.39449541284404,88.07339449541286,480.73394495412845,390.82568807339453
9722eabb-3a18-486f-8559-12608f1ae5ec.jpg,1200,1600,Jack Link's Teriyaki Beef Jerky 1.25oz,234.86238532110087,354.1284403669725,422.01834862385317,638.5321100917431
5c4c71c9-0f92-4bce-b707-686abf9dd960.jpg,1200,1600,Jack Link's Teriyaki Beef Jerky 1.25oz,249.54128440366975,315.5963302752294,423.8532110091744,528.4403669724771
5c4c71c9-0f92-4bce-b707-686abf9dd960.jpg,1200,1600,Jack Link's Teriyaki Beef Jerky 1.25oz,222.0183486238532,522.9357798165138,377.9816513761468,743.119266055046
f1e3adce-8db2-4615-a954-5fdc363aabce.jpg,1960,4032,Jack Link's Teriyaki Beef Jerky 1.25oz,416.57492354740054,1020,809.1743119266055,1566
f88036f1-a08e-4e18-93a2-1ff72e821276.jpg,1960,4032,Jack Link's Teriyaki Beef Jerky 1.25oz,599.3883792048929,1686,950.0305810397554,2103
5727629c-c685-41ac-9bec-11839daaf9dd.jpg,1200,1600,Jack Link's Teriyaki Beef Jerky 1.25oz,82.56880733944955,205.50458715596332,1190.8256880733943,1506.4220183486239
af4c5cff-9274-4007-8ee9-6df6c977a750.jpg,1200,1600,Jack Link's Teriyaki Beef Jerky 1.25oz,256.88073394495416,67.88990825688074,458.7155963302753,302.7522935779817
1912502d-4449-4e0d-b438-967abce03303.jpg,1200,1600,Jack Link's Teriyaki Beef Jerky 1.25oz,515.5963302752293,640.3669724770642,647.7064220183486,796.3302752293578
1912502d-4449-4e0d-b438-967abce03303.jpg,1200,1600,Jack Link's Teriyaki Beef Jerky 1.25oz,658.7155963302752,634.8623853211009,779.8165137614681,803.6697247706422
1912502d-4449-4e0d-b438-967abce03303.jpg,1200,1600,Jack Link's Teriyaki Beef Jerky 1.25oz,634.8623853211009,866.0550458715596,757.7981651376147,998.165137614679
951ad965-912c-4512-8a3e-3f577cddda8b.jpg,1200,1600,Jack Link's Teriyaki Beef Jerky 1.25oz,264.22018348623857,394.4954128440367,440.3669724770642,627.5229357798165
951ad965-912c-4512-8a3e-3f577cddda8b.jpg,1200,1600,Jack Link's Teriyaki Beef Jerky 1.25oz,308.25688073394497,647.7064220183486,438.5321100917431,834.8623853211009
1b2a97b9-a312-4fae-8457-a3395bb41cb1.jpg,1200,1600,Jack Link's Teriyaki Beef Jerky 1.25oz,359.6330275229358,499.0825688073395,754.1284403669725,884.4036697247706
b71dcab2-1533-4aba-81b4-c646ebec4209.jpg,1200,1600,Jack Link's Teriyaki Beef Jerky 1.25oz,9.174311926605505,328.440366972477,297.2477064220184,600
88e43d4d-0e5b-41d7-a38c-fe082395a001.jpg,1200,1600,Jack Link's Teriyaki Beef Jerky 1.25oz,271.5596330275229,341.2844036697248,952.2935779816514,1196.3302752293578
43c2229f-e484-4893-836c-a75128944e24.jpg,1200,1600,Jack Link's Teriyaki Beef Jerky 1.25oz,348.6238532110092,343.11926605504584,502.7522935779817,519.2660550458716
3acff4fc-1614-4559-b5e2-06ab76eb41be.jpg,1200,1600,Jack Link's Teriyaki Beef Jerky 1.25oz,278.89908256880733,392.6605504587156,368.80733944954125,526.6055045871559
b9f24efe-103d-4d7f-acb4-547d83194b0e.jpg,1200,1600,Jack Link's Teriyaki Beef Jerky 1.25oz,634.8623853211009,726.6055045871559,860.5504587155963,917.4311926605504
d5439a53-6b4d-497e-9402-a801dae03c8b.jpg,1600,1200,Jack Link's Teriyaki Beef Jerky 1.25oz,159.02140672782875,447.2505091649695,376.7584097859327,632.9938900203667
024d3058-9327-4dd0-8e2a-75b115a88730.jpg,1200,1600,Jack Link's Teriyaki Beef Jerky 1.25oz,366.9724770642202,291.74311926605503,493.57798165137626,464.22018348623857
aecaba2f-2133-489a-982d-d990b903c55e.jpg,1200,1600,Jack Link's Teriyaki Beef Jerky 1.25oz,603.6697247706422,190.8256880733945,783.4862385321102,390.82568807339453
